名稱,網址,電話,行政區,AreaCode,地址,介紹
"新竹水潤餅","https://www.facebook.com/profile.php?id=100063955144117","(03)5243708","北區","10018020","成功路326號","外地人乍聽「水潤餅」的名字時，會以為是潤餅的一種，其實水潤餅和潤餅完全是兩回事。它是許多新竹人從小吃到大的「古早零嘴」，早期新竹還有多家製作水潤餅的店，然而隨著時代變遷與利潤降低，這簡單樸實的老味道也漸漸凋零，如今新竹只剩下「德龍商行」仍持續販售。德龍商行的二代老闆楊水龍，從國中開始跟父親學做水潤餅，兩代經營至今已超過50年。水潤餅外型圓扁，形狀不太規則，餅皮有斑狀的火痕，原料一如其單純的外型，只有麵粉、水、糖、鹽和肉桂粉；因為不含人工添加物和防腐劑，只能保存3至4天，冷凍能保存半年。楊老闆說：「外地類似這樣的餅都做得像山東大餅一樣，又乾又硬，跟我們的水潤餅不同。」水潤餅的水份較多且軟軟的，類似台語的「水軟水軟」，因而得名。咬一口水潤餅就會發現它不僅軟Q易入口，還帶著一點鹹甜麵粉香的濕潤口感，與傳統大餅的酥脆完全不同，成了早期老人和小孩最愛的點心。撕開餅皮，大大小小的氣孔，淡淡的肉桂香從中散開，滋味雖不濃郁，卻引人入勝，適合作茶點。說起自家水潤餅之所以成為新竹特色美食之一，楊老闆笑說：「因為城隍爺有保佑」。原來大約40多年前，一群在城隍廟服務的志工阿嬤將水潤餅做為獻給城隍爺的供品，此後水潤餅便逐漸興起，更因此成為「平安餅」；每逢農曆七月中元節，新竹都城隍廟范謝將軍遶境出巡時，都會將水潤餅用紅線穿成串，綁在神將身上，供信眾求食保平安，「用水潤餅作為平安餅」的風俗也成為新竹獨一無二的文化傳統。隨著飲食習慣的改變，水潤餅逐漸被人遺忘，年輕一輩新竹人，對這種廟會食品恐怕也僅存朦朧印象。市府在推動「新竹好物」美食復興計畫時，市長林智堅想起了水潤餅，特別推薦，希望更多人認識新竹在地獨特的日常美味。現今年輕人也開發出許多創意吃法，例如把這款古早味零嘴夾上餡料，包上肉末、荷包蛋，或者塗上果醬、咖哩，起司，都有令人驚豔的口感。"
"彭成珍餅舖","https://www.pengpastry.com.tw/","(03)5224877","北區","10018020","西安街5巷21號","推薦菜色：花生糖派對(原味、綜合堅果)、竹塹餅、麻糬紅豆Q餅、新竹椪餅，若非熟門熟路，一般人可能不知道狹窄的西安街巷裡，有一家傳承三代的傳統糕餅老舖─彭成珍。80多年前，彭成珍阿公以製作傳統糕餅維生，當時賣竹塹餅、柴梳餅等漢餅，每到節慶，也做些應景糕點，像新年的寸棗、中秋月餅、初一十五拜拜的紅龜粿等，主要批發給柑仔店，建立一定口碑。第三代的彭垂明原服務銀行界，從小跟在父母身邊幫忙，每逢中秋大月製餅人手不足時，總得請假幫忙，每見父母常沒日沒夜忙碌，一天睡不到幾小時，加上年紀大了體力明顯變差，決定辭掉工作，返鄉扛起家業。接手後彭垂明發現，消費者飲食習慣改變，看著老顧客逐漸凋零，吃傳統漢餅的人越來越少，開始思索如何突破困境；他先從產品包裝設計著手，也加入品牌行銷的概念，逐漸讓「彭成珍餅舖」名號被更多人看見，拓展消費群，轉型成功後，連太太李虹瑤也辭職投入家族事業，兩代人全心守護這家老餅舖。除了傳統糕餅，彭垂明夫妻倆都愛吃花生糖，常自己製作，並分享給同事，因為不錯吃，口碑建立，同事們起鬨要團購，意外成為人氣商品；在大賣場看見一桶桶的綜合堅果，也讓彭突發異想，將堅果加入花生糖中，作出口感更豐富的堅果花生糖；看著堅果、花生在熱鍋裡相互擁抱跳舞的模樣，將產品取名「花生糖派對」，傳達熱鬧、歡愉的心情，這項產品香脆不黏牙，獲選2016新竹市竹好呷類商品。（「花生糖派對」屬季節限定商品，夏天天氣過熱，麥芽糖無法凝固，端午節至中秋節期間不販售）。兩代人做傳統竹塹餅、柴梳餅、新竹椪餅，第三代研發花生糖派對，讓彭成珍餅舖在傳統之外，也開發新品，為這巷弄裡的三代店，點燃邁向下一世紀新餅業的燈火。"
"淵明餅舖","http://www.yuanming.com.tw/","0952170115","北區","10018020","中山路112號","推薦菜色：肉燥水蒸鹹蛋糕、風味芋頭餅、冰立方吐司；滷肉燥搭鬆軟蛋糕，在口中會撞出怎樣的火花？那份飽含肉香的鹹味與麵粉香的微甜，咀嚼之後留在舌尖的感動，會讓你回味無窮；這款糕點正是新竹知名的淵明水蒸蛋糕，曾獲選新竹十大伴手禮。位於中山路城隍廟對面的淵明餅舖，已有70年歷史，創辦人楊深淵老先生早年利用美援物資，單純以麵粉加蛋和糖，做出口感綿密、口味清爽的水蒸蛋糕，為新竹美食補上一頁。水蒸蛋糕發跡於新竹大戲院、樂民戲院交叉路口，那是早年新竹北區最繁華的商圈之一，楊老先生在路口設攤，每到週末假日電影開演前，就是楊家人最忙的時候，熱騰騰冒著煙的蒸糕，飄散出迷人香氣，挑起觀眾的食慾，之後一傳十、十傳百，成了新竹人看電影時非買不可、最夯的點心。第二代老闆楊滉崇從小為了家務，幫忙劈柴、挑水、生火，在煙霧迷漫的廚房工作，他說，水蒸蛋糕於他，就像家人一般熟悉，不可或缺，也是他人生記憶的全部。水蒸蛋糕的製作過程看似簡單，卻需慢工細活，每塊蛋糕先鋪一層底，分別放入紅豆、芋頭和肉燥內餡，上面再鋪一層蛋糕，才能進爐蒸，「火候掌控很重要，表皮要維持一定的濕度。」他說，製作時間超過一個半小時；他遵循傳統古法，只用蛋、糖、麵粉三種原料，製程中不加一滴油或香料、色素、防腐材料，要讓消費者吃得健康又養生。楊老闆對食材相當堅持，甜味水蒸蛋糕裡的「紅豆餡」，選用顆粒大、皮薄、顏色鮮紅的國產紅豆，「芋頭泥」也用上好芋頭，切塊、熬煮後，撈起來呈現淡淡紫色；店裡招牌是肉燥水蒸鹹蛋糕，加了滷肉燥的餡入口難忘，淵明水蒸蛋糕質地綿密鬆軟、爽口不油膩，如搭配冰涼沙士，甜甜鹹鹹的台式風味，會讓你一口接一口！目前，第三代楊志安也加入營運，為傳統老店走出新風格，他愛吃麵包，開發新品牌「十方吐司坊」，以老麵長時發酵，只用鮮奶不加水，做出鮮奶吐司入口即化又Ｑ彈，手按壓後即恢復原形，也快速竄紅成為超人氣商品！"
"新復珍商行","https://www.hfj.com.tw/","(03)5222205","北區","10018020","北門街6號","推薦菜色：竹塹餅、柴梳餅、核桃酥餅、水蒸蛋糕、美祿柑、綠豆椪，有一種餅，作家焦桐說它的滋味是「輕淡的甜蜜含蓄著輕淡的鹹，鬆，軟，香，那滋味在口舌之間，纏綿，深情，像戀人的吻。」文字間的雋永意蘊無法一一道出，但繾綣之感彷彿融入腸胃與心底，久久不散。這是竹塹餅，以新竹古城為其名的特色糕點。竹塹餅創辦人吳張換女士原本在城隍廟前賣肉粽，1898年，年僅20多歲的她在新復珍的現址開始經營糕餅舖，巧妙地將包肉粽的蔥香、料香、豬油香應用到糕餅上，成了顧客最愛的口味，廣受歡迎；本來稱為肉餅或糕皮餅，但因為外地人常說「要買竹塹城的那個肉餅」，「竹塹餅」之名因而流傳開來。「新復珍」第四代吳紘一接手後，堅守最初的手工做法，現今需求量大增的竹塹餅，仍是老員工們純手工捏製而成。竹塹餅最重要的食材是豬板油和油蔥；吳紘一說，採用的是新竹本地的黑毛豬製成的豬板油，加上自己剝製、切、炸的油蔥，不同於一般外面工廠的機器製作，不但味道更香，內餡軟加上外皮酥脆，成就新復珍的百年好品牌。竹塹餅也是新竹人的共同記憶，曾有嫁到外縣市的女顧客回來新復珍買餅，開心地跟店員分享︰「我從小吃你們的竹塹餅吃到大」，言談之間，對於竹塹餅的驕傲和喜悅表露無遺。因為餡料和口感特殊而享有盛名的竹塹餅，近年因應民眾口味的改變也做了調整；現今的竹塹餅保留了漢餅精神中甜中帶鹹的豐厚味道，內餡已見不到早時白白的豬油塊，只保留下濃郁的豬油香，符合現代人少油膩、輕口味的需求。此外又推出了「小竹塹」，讓竹塹餅更精緻、討喜。每年節慶前後也是竹塹餅購買的旺季，在地人以竹塹餅當作禮品，送禮自用兩相宜，至今這股風氣不僅持續盛行且不斷往外擴散，提供外縣市民眾選購餅食糕點的多元選擇，也讓這纏綿的幸福繼續傳承下去。"
"光華冰果店","https://www.facebook.com/kwanhua35","(03)5322318","北區","10018020","光華東街35號","推薦菜色：綜合冰、四果湯、銀耳蓮子湯，在許多新竹人心中，「光華」是記憶中陪伴成長的一家老冰菓室，老闆張琮和說：「很多客人學生時期開始光顧，結婚、生子、甚至到外地打拚多年後，還會攜家帶眷回來，回味年輕時代的滋味！」店家始終如一的執著與堅持，讓純粹的「老」味道，牽動外地遊子的心。藥劑師轉行的老闆張琮和，以頂真的態度和不斷研發創新的精神，認真處理每一道冰品的工序，例如：用熱「悶」法讓每樣食材達到恰如其分的口感，像紅豆以快鍋煮熟，悶30分鐘後立即加糖，讓粒粒紅豆入味，綠豆煮半熟即關火靜悶，讓綠豆保留完整外貌，口感綿密；看似簡單的糖水，竟結合兩種糖，加上繁複工序，首先將二號砂糖炒出蔗糖香氣，加入較甜的白糖拌炒，交融出香、味兼具的糖水.....，種種好吃的食材，全憑高度實驗精神累積出經驗值，讓光華的甜品味道了得。除了對食材用料的執著，冰果店品飲空間也絲毫不馬虎，雖是40年老店，裝潢設計依然新意盎然；「做一行得像一行」，張琮和認真地說，為了給客人舒適的飲品環境，幾乎每兩年店內裝潢都重新整修，讓客人保有新鮮感。凡事都愛嘗試的張老闆，空間設計也不假他人，巧妙利用鏡子返照與透視，營造出寬敞的空間感，連牆上馬賽克的拼貼也獨到，呈現他理想中的質感。張琮和慎選食材，且不限定產地或品種，全依季節時令挑選出最優質、最合宜的食材來製作，發揮當令食材的特性，也因為堅持所有配料當天熬煮製作，每一款冰品甜湯，都具絕佳口感與風味，讓客人感受老冰菓室的心意。"
"樹林頭麵店","","(03)5314945","北區","10018020","東大路二段423號","推薦菜色：陽春麵、榨菜肉絲麵、滷味拼盤，樹林頭麵店是時代的座標，讓過去的記憶降落，讓現在的人們見證歷史。「我老公以前隸屬空軍第八大隊，是支轟炸大隊。」我們進店時，91歲的常客姚奶奶正和老闆聊得起勁。原來，麵店老闆李增水以前是空軍第三十四大隊的士官長，跟老奶奶有說不完的話題；其實，東大路這一帶以前有許多空軍眷村，一旁的鐵道路顧名思義是以前火車軌道，專門載送貨物直達機場。樹林頭麵店始於民國63年，由老闆娘周雲玉的媽媽創立，因應外省人飲食習慣，經營麵食早餐，菜色說起來稀鬆平凡，盡是處處可見的陽春麵、榨菜肉絲麵、炸醬麵、滷味，但光憑這幾樣菜就能收服許多人的胃，可見店家功力。店裡的招牌是「辣椒醬」和「山東醋」，正是老眷村人念念不忘的味道，「這些外面買不到，很多人搬到台北後特別回來吃。」周雲玉說；辣椒醬用的是花椒，香而不嗆，略帶辛辣；山東醋清淡爽口，不似市面上賣的醋那麼酸，兩種醬料搭在一起是絕配，淋在各類麵食、滷味上，都讓麵點加分，「這是老外省人的口味，年輕人不知道，但我這麼一教，大家都說好吃！」周雲玉笑說。滷味拼盤是店裡的另一項人氣產品，經常早上10點前就銷售一空，其中，最受歡迎的莫過於豬頭肉和豆腐干；豬頭肉經小火熬煮1∼2個小時，油脂消失，軟硬適中，老闆娘每天都要吃上一份，豆腐干裡頭有孔洞，能讓湯汁入味，滷得到味，咬下去滷汁溢出，口感鬆軟又香氣飽滿。樹林頭麵店走過四十多個年頭，老闆夫婦見證了老主顧的成長與凋零，與客人也成了無話不說的朋友，「我喜歡看老客人，跟他們一起聊聊老故事或八卦，相當有趣。」老闆娘笑著說，她也希望這家店成為社區交誼廳，繼續經營下去，將棒子交給兒子。仗打完了，眷村拆了，當時的記憶結晶成一碗碗湯麵，道道滋味都是大時代矇住的心跳。"
"揭家牛肉麵","https://www.facebook.com/profile.php?id=100064171261590","(03)5364668","北區","10018020","東大路三段373號","推薦菜色：牛肉麵、牛肉乾麵、豬骨湯腸麵、各式滷味，「揭家牛肉麵」開業已六十餘年，是新竹知名老字號，許多常客從小吃到大。店面鄰近南寮漁港，人潮絡繹不絕，是在地人難以忘懷的家鄉美味。揭家牛肉麵主要供應乾麵、湯麵及無肉牛肉湯麵，另有陽春麵及搭配滷大腸的牛骨、豬骨湯腸麵等，麵食品項單純，但櫃台上擺著的一大盆滷味，卻令人垂涎欲滴，每樣都想來上一口。早期的東大路與武陵路、鐵道路周邊，是空軍眷村，鄰近空軍聯隊基地，來自大陸各省的眷戶，常會烹煮家鄉味與鄰居分享。揭家第一代老闆揭奶奶1950年代，在眷村開牛肉麵館及滷味店，村裡人待客，習慣到「揭家」切點滷味；第二代揭強中國海專畢業後，原打算跟商船出海，但因身為家中獨子，姊妹們又旅居國外，選擇留在家中照顧父母，也跟著母親學習煮麵、滷牛肉技藝，接手後，天沒亮就得起床，一做也四十多年。「揭家」經典牛肉麵是紅燒口味，基底是以牛骨長時間熬煮成的濃白高湯，加上糖、鹽、醬油、薑、八角等調味料，再將澳洲牛腩滷至軟嫩入味，湯頭看似濃稠，其實爽口，入口滿是牛肉鮮香。店內使用的麵條也十分講究，早年都用眷村鄰居手工揉製、攤車叫賣的麵條，現在改用原供應店家、品質一致的產品，讓開業的好味道至今不變；不吃牛肉的客人也有好選擇：豬骨湯腸麵，這是應當時空軍基地常客的要求而做的，湯頭以豬大骨熬製，配上煮好的麵條及口感Q軟的滷肥腸，愛吃肥腸的人肯定欲罷不能。使用老滷汁烹製的滷味堪稱佐餐良伴，包括：豬頭皮、豬腳、豬腸、豬肚、牛腱、牛肚、牛筋、鴨翅、鴨胗、鴨蛋等，種類豐富，顧客選好喜歡的品項後，老闆娘會幫忙秤重、切盤，滷味直接吃就很美味，也可搭配山東醋、店家自製辣油、蔥白，調配沾醬，後勁十足的辣味，搭純釀山東醋的溫和酸味，嘗起來更加爽口。"
"漁香甜不辣","https://www.facebook.com/YuHsiang.Hsinchu/","(03)5238843","北區","10018020","大同路86號2010號","推薦菜色：原味甜不辣、鹽酥甜不辣、綜合飯、牛蒡甜不辣，深受在地人喜愛的「漁香甜不辣」，以新鮮、純正的魚漿原料製作，不加人工添加物，備受消費者肯定。「漁香」已傳承三代，第一代經營者是東門市場內的小魚舖，因每天採購的新鮮魚貨總會剩下一些，不想浪費，開始製作魚漿，沒想到大受好評，後來轉型專賣魚漿，新竹不少小吃店都向他們買魚漿，再自行加工製成其他產品出售。「漁香甜不辣」專賣店原在中央路上，只賣原味甜不辣、鹽酥甜不辣和幾樣冷凍魚漿製品，兩年前遷到大同路現址，室內面積擴大，用餐環境也變寬敞，菜單內容較多元，除了基本魚漿製品，增加飯、麵主食和多款小菜。身為長男的第三代老闆陳昱府，年輕時便知道自己須扛起家業，為了讓家傳的魚漿生意能永續經營，接手後，從甜不辣專賣店起步，講究新鮮與衛生的態度，做出口碑後，轉大同路擴大營業，從店面規劃、裝潢到擬菜單，大小事都親力親為，力求打造出明亮衛生、顧客舒適用餐的空間。招牌甜不辣原料簡單，每日現做，基底魚漿在東門市場一樓的老舖每天現絞，再送到二樓工廠成型，現炸成各式甜不辣；甜不辣有魚棗、魚條、魚餅三種，魚漿中分別加入雞蛋、豬肉、洋蔥，吃得到魚漿的鮮味與彈性，新口味牛蒡甜不辣可以酥炸後當小菜，鹹香滋味加上碎牛蒡的清脆口感，值得一試。佐餐的包餡魚丸湯，魚丸裡加了豬肉、青蔥、荸薺、鹽、糖拌成的餡料，由師傅們以熟練的技術手捏成型後下水烹煮，與高湯一同享用，口味特佳。「漁香」所有產品都不使用多餘人工添加物，因此不耐久煮，為了讓顧客享用最佳口感，每一份都得下單後現煮，如果覺得不過癮，順手帶幾包冷凍魚棗、魚條、魚餅或包餡魚丸，回家DIY，也是不錯的。"
"竹樂食堂","","(03)5340996","北區","10018020","西大路690號","推薦菜色：古早味蚵仔煎、烤排骨、紅燒魚皮、黑米糕，位於民富國小對面的竹樂食堂，是老牌熱炒店，開店30年來，從不用菜單，如同一般海產店，客人先在門口冰櫃前選擇想吃的生鮮食材，老闆依季節時令來配菜，因此，即便是一樣的生鮮，配的青菜都不一樣。說到竹樂食堂，新竹市老一輩人一定豎起大拇指，創店老闆陳國龍已76歲，他年輕時學廣式、福州料理和酒家菜，曾和友人在大同路開大春餐廳22年，民國76年到西大路開店，以家常熱炒為主，菜色都自行研發，目前已由第二代陳順溢、李靜居接手，不過，陳國龍還親自採買，「食材新鮮，才做得出好料理」。「歷任市長都來過，住附近的柯文哲家人也常來」老闆娘說，來店的熟客多，雖沒菜單，熟客也都信任，像白斬雞、古早味蚵仔煎、烤排骨、紅燒魚皮、黑米糕、土魠魚羹湯等，都是店裡招牌；尤其蚵仔煎、烤排骨點食率最高，這兩道菜食材單純、做法簡單，卻有讓人一吃再吃的魅力。古早味蚵仔煎是將鮮蚵汆燙後，加入青蔥和地瓜粉，入鍋煎至兩面金黃酥脆才上桌，滿滿的蚵仔，咬下去外酥內軟，百吃不厭；烤排骨也只用簡單的調味料醃過，放入200度烤箱中烤20分鐘就完成，肉排軟嫩多汁、還有嚼勁。「我們的料理方式都很簡單，重點在掌握食材的新鮮度」陳順溢說，對食材有信心，才敢放在透明冰櫃讓客人選。竹樂食堂沒有豪氣的裝潢，空間也不大，但消費者仍願意造訪的另一原因是竹樂食堂童叟無欺，價格親民。30年來，從廚房料理到外場服務，全由竹樂食堂家族親力親為，很多食材也是親戚朋友自己栽植的，「清楚食材來源，才吃得安心」老闆娘說，這也是竹樂食堂開店的初衷。"
"蔡記燒酒雞","","(03)5233885","北區","10018020","中正路190號","推薦菜色：藥膳燒酒烏骨雞、金錢蝦、里肌糖醋肉、墨魚香腸，台灣到處都有燒酒雞，但新竹市「蔡記雞酒燒」這家25年老店，讓人印象特別深刻！店名「雞酒燒」發想自台語「燒酒雞」，老闆蔡思涵故意將店名反著取，看得出他反骨的個性與趣味，反映在菜色設計與創新上，也大不相同。蔡記雞酒燒的店面不大，沒事先訂位，向隅機率很高，雖然價格不便宜，卻經常高朋滿座，原因是蔡思涵比客人嘴刁，自己不吃的也不會給客人吃！他認為，開店不是有得賣、賺錢就好，要有自己的標準，「餐飲業是良心事業，貴也要貴得有道理」。以店裡招牌藥膳燒酒烏骨雞來說，半隻雞要價近千元，硬是比一般燒酒雞貴上許多，原因在於他使用的滷包，除了特別調製的中藥配方，最重要一味是加了一斤上萬元、精磨成粉的冬蟲夏草，光這味成本就不低，但為了讓燒酒雞食補功能發揮到極致，「再貴也省不得」。這道招牌雞湯選用營養價值、口感都屬上乘的烏骨雞，重量也錙銖必較，太小沒份量、口感差，太大肉質過柴、纖維太粗，唯有精選的4斤重，才能完美呈現蔡記招牌。"
"阿富魯肉飯","","(03)5254305","北區","10018020","中山路75號","推薦菜色：魯肉飯、摃丸湯、肉羹湯，深夜時分，城隍廟口前，一家亮著橘黃小燈的攤位上，食客來來往往，燈下混合了蒸氣與香氣的光影，讓夜歸人感受到溫暖，不自覺停坐下來，嘗嘗魯肉飯與肉羹湯。這店是阿富魯肉飯，民國79年，創辦人陳金連女士為了餵飽自己的五個孩子，在當時北部還不盛行魯肉飯時，跟左鄰右舍請教魯肉飯做法，找到廟口一隅，便做起生意，如今成為竹塹城的深夜食堂。「一開始連個招牌都沒有」，不過因為營業到半夜，加上魯肉飯選用的肉塊跟其他魯肉飯店不同，做出特色，也成功打響知名度，幾年後才以孩子名字中的「富」字，取名「阿富魯肉飯」。「阿富魯肉飯」好記又庶民，如今已傳到第二代，由老么邱彥貴和姊姊一起經營；邱彥貴如實傳承了母親堅持的古早味及創業理念：「用最經濟實惠的價格把大家餵飽」，除了口味不變，魯肉飯、筍絲、油豆腐或湯品價格，也都十分親民。他說，廣受青睞的魯肉飯維持母親古法，肉塊肥瘦比約7比3，肥肉選豬的肩頸肉，瘦肉是前腿肉，採兩段式滷製法製成，滷第一次時，先將豬肉、砂糖、鹽、醬油及特製滷包，放入大鍋，加水烹煮約一小時，過程中須不斷攪拌，讓受熱和調味料均勻分布，待肉熟後，蓋上鍋蓋悶半小時；第二次滷時，先把滷汁上油脂瀝掉，再加水攪拌約四十分鐘，滷出來的肉塊，不僅有豬肉的膠質和彈性，且入口即化、粒粒分明，滷肉塊與湯汁淋上白飯，再灑一點中藥房磨製的黑胡椒粉，造就了阿富魯肉飯的美味，每天可賣出6、7百碗。「我和小孩也愛吃魯肉飯，賣給客人的一定是我們自己喜歡吃的。」邱老闆每天一早送小孩上學後，開始備料工作，因為有三家店，一整天要準備8到10鍋的滷肉和小菜食材，再分送到各店面，相當辛苦，不過，當飯菜送上桌，看到客人露出滿足的笑容、讚不絕口時，生活中幸福的醍醐味，也自然散發出來。"
"三福麵線","https://www.facebook.com/profile.php?id=100054638641811","0987875333","北區","10018020","竹光路214號","推薦菜色：蚵仔大腸麵線、三福麵線、牛肉麵線，乾淨衛生的環境、舒適自在的氛圍與道地台灣家鄉味，顛覆一般人對傳統小吃的刻板印象，「三福麵線」讓旅人留下深刻印記。在白色為基調的溫馨木質空間，聆聽輕鬆音樂，享受古早味小吃蚵仔大腸麵線，相當療癒，連鴨血、牛肉等食材，也都能加進麵線裡，這份驚豔，讓人發現庶民小吃：麵線的百搭特質。老闆娘在新北市三重長大，這座與繁華台北市僅一橋之隔，許多北上打拚外地人落腳的城市，匯聚眾多中南部引進的南方味小吃攤，麵線攤尤其多，「當時的三重，三兩步就一家麵線攤」，她從三輪車麵線攤吃起，記憶中那是早晚必嘗食物，嫁作新竹媳婦，卻遍尋不著家鄉的麵線味。2008年，老闆娘與友人合資創業，兩個餐飲業門外漢，選擇以成本較低的麵線入手，在城隍廟邊的小店開業，憑藉家庭主婦挑嘴的特質，找到家鄉麵線烹調最佳手法，2013年4月遷店竹光路，因為媒體報導，名氣大增，生意大好，即便下午才營業，主廚卻得清晨開始備料。三福麵線的湯頭色澤特別深，常有客人問為什麼？老闆娘笑笑說，因為「忠於記憶中的家鄉味」。原來，製作湯頭大有學問，老闆娘利用汆燙蚵仔的大鍋湯，加入獨門秘方熬煮而成，保留蚵仔麵線最甜美的原汁原味，絕不加味精，讓人吃得美味又安心。麵線的兩大配角是：蚵仔與大腸，食材的選擇、處理與烹調是大學問。鮮甜飽滿的海蚵，專程到南台灣尋找老字號的養蚵人家，保持海水浸泡宅配，烹煮前才開箱，保留大海天然的鹹甜香，大腸僅以白醬油加少許八角滷製，呈現食材原味。豬大腸的處理更講究，她選用品質保證、當日新鮮的豬大腸，先用大鍋沸水汆燙去血水，再徒手將每條大腸仔細翻面、剪除內層油脂再翻回來，之後用白醬油滷製去味、吹涼、分裝，這麼「厚工」費時，只為讓客人吃到沒有腥味、有著不油不膩嚼勁的豬大腸。麵線雖是庶民小吃，要煮得好吃需要功力。老闆娘說，三福曾被科學園區的工程師封為「麵線界的LV」，能得到這樣的評價，正是店家對自我品質的堅持。"
"老店薑母雞","https://www.facebook.com/profile.php?id=100064301010536","(03)5284895","北區","10018020","少年街51號","推薦菜色：招牌薑母雞、狀元雞，「婆婆做薑母烏骨雞幫我做月子、補身體，因緣際會成就了這家店。」女主人李小珍感性地說出婆媳間感人的互動。老店薑母雞民國92年創店，當初主打「烏骨雞」同業都不看好，認為悖離傳統，沒想到卻異軍突起，創造佳績。「其實，烏骨雞比鴨肉更適合女性，很多顧客都用我們的薑母雞做月子。」李小珍說。薑母雞主要材料是老薑和烏骨雞，老薑搗碎加入中藥材炒香，與炒過的烏骨雞肉做成主湯底，搭配客人點食的各式配料，湯頭愈煮愈甜，而薑的辛辣溶入湯底，增添口感，連老薑本身都變得好吃。店裡用的老薑來自南投縣，烏骨雞則是經檢驗認證的農場長期供應，店裡還張貼了所有材料產地證明，讓顧客吃得安心。目前店裡供應五種湯底：薑母雞、薑母鴨、首烏雞、淮蔘雞、狀元雞，前四種湯底都屬溫補鍋，新開發的狀元雞是養生鍋，以烏骨雞、鮑魚片、茶樹菇、羊肝菌菇等溫補食材為主，因菌菇類有豐富多醣體，適合四季吃或不想吃過燥補鍋、注重養生的顧客選用，所有湯底中，薑母雞點食率最高。李小珍也重視主鍋配料的選材，每天早上6、7點就到市場備料，「新鮮是第一原則」，絕不濫竽充數，也不以多元取勝，不適合補鍋湯底的配料如：茼蒿菜、麻糬燒等火鍋料，因口感不對，都不採用。至於搭配的麵線，則選用有四十餘年歷史的宏廣製麵廠生產的麵線，口感Q滑不軟爛，淋上自製蔥香油和少許豆腐乳沾醬，有獨特的香氣和口感，也是老店薑母雞必嘗的一味。"
"鴨肉許","","(03)5253290","北區","10018020","中正路212號","推薦菜色：鴨肉湯麵、炒鴨血、燻鴨肉，厚實的木砧板上不斷傳來剁鴨肉的低沉咚咚聲，暱稱「二姊」的許美惠剁鴨肉的手沒停過；從小到大，她跟在父親許文河身旁，看著父親剁鴨肉的身影長大。兩代人在鴨肉、砧板刀起刀落間忙碌著，一晃眼就是50年。靠著賣煙燻鴨肉，許文河養大一家人；出身彰化鹿港的他，在新竹最初賣的並非鴨肉，而是家鄉味麵線糊，十幾歲到台北餐廳當學徒，看著師傅烹煮鴨肉的歷程，累積鴨肉料理竅門，再調整口味，最後琢磨出一套煙燻鴨的方法，將煙燻過的鴨肉加到切仔麵裡，當他端出第一碗風味獨特的鴨肉麵時，讓客人驚豔，一炮打響名號，這麵也成了「鴨肉許」獨家招牌菜。熱情好客的許文河以自家姓取店名「鴨肉許」，從最初的推車擺攤，累積出一批死忠顧客，逐漸在新竹闖出名號，中正路開店後更成熱門商店，朋友送了他一塊匾，題名「日理萬鴨」，名副其實；如今「鴨肉許」擁有中正路、北門街與西大路3間店面，分由三個女兒打理，每天平均要賣上百隻鴨子，新竹在地人最愛光顧的，是二姊許美惠掌舵的中正路總店。煙燻鴨肉是「鴨肉許」的主角，衍生出鴨肉湯麵、炒鴨肉麵、鴨肉飯、炒鴨血等料理，煙燻鴨肉的好壞，決定了所有料理的口感；「鴨肉許」選用4∼4.5斤重的土番鴨，這樣大小的鴨肥瘦合宜，有足夠的油脂，皮厚質細，肉纖維不會太粗、太老；鴨隻洗淨、蒸熟後，放入加了甘草等20多種中藥材的滷湯裡浸泡入味，再以白糖煙燻上色增香，可口的煙燻鴨肉於焉完成。可別小看煙燻的每個步驟，正因為以炊蒸取代水煮、用浸泡方式入味，鴨肉肉汁不致流失，口感更顯溫潤，鮮度與甘甜度也大大提升，上菜前再淋灑一匙蒸鴨時收集的原汁，鮮美的味道如畫龍點睛，讓整盤煙燻鴨肉更增餘韻、悠長而濃郁。這樣有滋有味的煙燻鴨，讓人吃起來嘴巴、手指頭滿是煙燻香，鴨肉汁不經意地從嘴裡往指尖流淌，叫人忍不住貪戀地吸吮起來，此刻，「吮指回味」已不只是形容詞，活脫脫成了饕客們賞鴨的美味動詞呀！"
"西市汕頭館","","(03)5244430","北區","10018020","西安街70號","推薦菜色：火鍋、炒沙茶牛肉麵、祖傳特製沙茶醬、牛雜湯，從城隍廟口轉到廟旁的西門市場，沿著小巷弄往前走，不仔細找，或許就錯過這家屹立新竹近70年的老字號店家─「西市汕頭館」。從民國38年創立，至今已傳到第四代，店也擴展到3家。走進老店內，馬上聽到熱情招呼聲；雖然過了午餐時間，店內仍有客人，黃家四兄弟家族分工，人人在自己崗位上各司其職，確保品牌的誠信與價值。「西市汕頭館」黃家大哥黃沛峰說，因為父親是校長，從小教導兄弟們一定要和睦互助，不打架、不爭吵、不說髒話，偶而起爭執，也是就事論事，針對食材或營運策略做討論，因此能合作創業迄今，如今他的兒子也開始參與家族事業了。「遵古法」是汕頭館的經營原則，無論食材選擇、料理火候或湯頭，都有一定的堅持，也非全照食譜制式製作，而是以客為尊，依據不同客戶需求、順應潮流，調整口味，目標是永續經營。潮汕料理偏甜，汕頭館配合台灣人的口味做微調，減油、少辣、不加糖，其中，選用新鮮的非冷凍肉，搭配祖傳沙茶醬佐料，不論用在牛肉火鍋、炒沙茶牛肉麵或牛雜湯，都相當可口也是人氣聖品。黃家大哥說，牛肉火鍋的賞味口訣是「肉不離筷、鍋底三秒」，依此口訣，以雙刀法切出來的薄薄蝴蝶狀肉片，在熱湯中，會從鮮紅色轉為淡粉白，入口後，瞬間滿腔軟嫩感與鮮甜香氣。牛雜湯的牛肉選用黏附骨頭上的半筋半肉，加上自製檸檬和獨門香料，熬煮七小時，湯頭看似深濃，嘗來卻清爽，白蘿蔔和牛肉的甘甜融為一體，由於一天僅熬一鍋，是有緣人才嘗得到的私房料理。黃沛峰最享受烹煮菜餚的過程，因為全神貫注，心無旁騖，煩惱盡除；當料理端上桌、得到客人稱讚時，那份成就感，更是不凡！如果你是火鍋或牛肉料理愛好者，路過新竹城隍廟，不妨來西市汕頭館坐坐，嘗一口傳承超過一甲子的鮮滋味吧。"
"余家金城廣東粥","","(03)5277412","北區","10018020","水田街2號","推薦菜色：廣東粥、皮蛋瘦肉粥，在中正路與水田街轉角處，毫不起眼的「余家金城廣東粥」，外觀雖老舊，許多新竹人談到吃粥，多數會想到這家店，好味道讓嘗過的人，不自覺豎起大拇指說：讚！「余家金城廣東粥」開業20多年，老闆余健俊早年學習金門廣東粥的煮食秘訣，飲水思源，以金門縣金城鎮為名創業。金門廣東粥屬廣東「生滾粥」，將米粒煮到不見形體，跟台灣的清粥、鹹粥，粥體粒粒分明不一樣。余家廣東粥煮法是先煮一大鍋粥，顧客訂餐後，從大鍋搯出少量粥到小鍋猛火烹煮，依品項加入新鮮肉類、海鮮或動物內臟等主料，稍微煮開後即關火，「這動作是要保持粥內食材的新鮮度」他說，也確保饕客嘗到鮮嫩香滑粥品，這是生滾粥的特色，也成了余家廣東粥的特色。說到自家廣東粥好吃的秘訣，余健俊謙虛地說：沒甚麼啦！除了料好實在，不偷工減料，最重要是確保高湯鮮美！金城廣東粥的湯底有學問，以甘草、當歸、紅棗等多種中藥材，跟雞骨頭一起燉煮超過三小時，聞起來有淡淡中藥香卻不濃烈，雅而不淡，恰分地增添雞骨高湯的厚度與豐富性。湯底有了靈魂，還得用老米來煮，因為老米澱粉含量多，煮起來能產生更多黏性，此外，老米容易吸附高湯，吃起來自然更入味。獨門的中藥湯底，配上濃稠綿細的米粥與食材的鮮甜，口腔裡填滿了豐美的味道，熱呼呼的，身體都暖了起來。"
"北門炸粿","","(03)5220471","北區","10018020","城北街15號","推薦菜色：肉粿、蚵仔嗲、米糕、蒜頭，城北街的午後是熱鬧的，午茶時間，總開始有人聚湧在一家不起眼的老舊小攤前，短短百來公尺，長長的人龍不時消長，攤前難有清閒，這家店正是高人氣的「北門炸粿」。「北門炸粿」日治時期起家，第一代老闆翁老先生拜師學藝後，推著台車沿街叫賣，至今傳到第四代的翁文芬、陳美麗夫妻，已有百年歷史。說到這味超親民的庶民小吃，早年可是有錢人家才吃得起的高級食物！「北門炸粿」最初只賣肉粿、蚵仔嗲，106年前，豬肉、蚵仔是相當昂貴的食材，也只有上流貴族人家才消費得起；第一代老闆看準北門街上住的多是商賈、望族，選定北門街附近設攤開業。可貴的是，延續一世紀的老滋味，價格卻意外地維持半世紀前的親民，過去是10元，近幾年來物價高漲，老闆才不得已將原本一個銅板價，調漲到每樣12元，真是佛心來著！「北門炸粿」屹立不搖，沒被時代淘汰，憑藉的是紮實的用料與口耳相傳的好口味，店裡的各式炸物，吃起來口感酥脆如餅乾，明明是油炸物卻無油膩感，除了油炸時的火候、時間的精準控制外，外層裹粉上也費了心，選用在來米與黃豆一起磨成漿，才保有酥脆、不易濕軟的咀嚼口感。對於「炸粿」食材的選用，店家處處用心，保留古早味，米糕、芋頭糕全自家製作，不用現成或半成品，招牌炸米糕採用口感Q彈、清新米香的長糯米（秈糯）製作，將長糯米燜煮熟透後，加入二號砂糖調味拌攪均勻，置鐵盤放冰箱降溫定型，隔天拿出來切塊，冰過的米糕口感更Q彈；另一道獨門炸蒜頭，得手工挑選又粗又肥滿的顆粒，將粗的一端切段，再一刀刀切成花，下油炸時，自然開成一朵花！攤位小小的，價錢小小的，口味卻大大的好，走過時代的試煉，這小物成了新竹人從小到大的味覺記憶，也成了遠遊的新竹人，難以忘懷的鄉愁。"
"廟口鴨香飯","https://www.facebook.com/profile.php?id=100063589943815","(03)5231190","北區","10018020","中山路142號","推薦菜色：鴨香飯、燻鴨切盤、炒鴨血，2016年以一道鴨香飯入選「竹好呷」，深獲媒體推薦的「廟口鴨香飯」，以鮮明的媽媽Logo與獨門的全鴨料理，擄獲在地人及遠道而來的遊客的心，用餐時段經常一位難求。「小吃店的好味道、餐廳的服務品質」是廟口鴨香飯的經營目標。年輕的第二代李嘉偉談起鴨香飯緣起說，20多年前，媽媽從中山店現址起家，當時經營快炒攤，因緣際會認識一位老師傅，學會鴨肉料理。後來，媽媽在北門街擺攤賣鴨肉麵，因與市場區隔不大，生意不好；李嘉偉從小在店裡長大，每天正餐不外麵或米粉，媽媽偶而會用豬油拌飯給他吃，味道讓他懷念，建議媽媽改賣鴨肉飯，經多次調試口味，賣出口碑，也成就了今天的鴨香飯。店家每天約需處理100∼150隻生鴨，精選皮薄油脂少的新鮮鴨隻，清理乾淨後，全鴨蒸半個小時，稍微放涼，再技術性剖切，塗上一層秘傳醬汁，再加冰糖煙燻3分鐘，「短短3分鐘做兩次煙燻，考驗技術」，必須適時打開鍋蓋讓濃煙散去，去除多餘苦味，第二次燜燻是逼出鴨的香氣，鴨隻金黃色的表皮乍聞是煙燻香，一口咬下卻香嫩多汁，相當迷人。鴨肉的脂肪不同其他動物油，成分很像橄欖油，蒸鴨滴下的鴨油、肉汁湯液等，都是店裡製作醬汁、炒菜的聖品，煙燻過的鴨骨頭更是熬煮湯頭的重要提味精華。一隻鴨從頭到腳、從內到外，無一不能利用，除招牌鴨香飯外，店裡還有炒鴨血、炒鴨腸、炒下水（鴨心、鴨胗、鴨肝）、鴨肉切盤，濃郁香稠的高湯則來自煙燻鴨骨、鴨油等精華，讓顧客回味再三。"
"星巴克新竹州圖門市","","(03)5228587","東區","10018010","文化街8號","新竹州圖書館前身是「新竹街圖書館」，為了紀念1923年日本大正天皇東宮太子裕仁訪問新竹而籌款興建，1925年完成，改為「新竹州圖書館」，台灣光復後由新竹市政府接收，定名為新竹市立圖書館，後又改為「新竹縣立圖書館」作為圖書館使用，民國73年由新光集團取得產權。經過公、私協力保存文化資產的努力之下，109年9月修復完成後的新竹州圖重新開放，配合台灣設計展和110年台灣燈會，展開為期半年的策展活動，展覽結束後已交還新光集團做後續利用規劃。圖書館是一棟洋式建築物，外觀簡潔俐落，立面上的柱子以刻意加強裝飾的磚形條紋，讓建築物顯的穩重，上層則採退縮方式留出陽台，陽台上設計短的梭柱支撐屋樑，使得屋頂變得輕盈，更增添下層立面穩固的對比感。入口處突出的門廊空間，加寬的門柱與上層的中央雙柱，塑造強烈的入口意象。立面上強化的立體柱，配合開窗的虛實變化給人強烈的厚實感。星巴克「新竹州圖書館」門市112年3月30日正式營運，為桃竹苗區首間市定古蹟門市，亦是讓古蹟活化再利用的良好範例。"
"影咖啡","https://www.facebook.com/Inn.Coffee","","東區","10018010","金城一路67號","推薦菜色：金磚布丁、可麗露、手沖精品咖啡「影咖啡」主打攝影主題與手作甜點，店內每個角落都精心設計，處處可見攝影作品與相機及鏡頭造型的擺飾，極富人文氣息。店主彭枝微從小在新竹南寮長大，喜歡旅行與攝影，求學、就業都未曾離開過這片土地。在科學園區工作7、8年後，倦於一成不變的生活，毅然放下穩定的高薪，到澳洲打工度假兩年，再利用一個月時間走訪紐西蘭，以相機紀錄當地美麗風光，一方面思維未來發展方向。回台後，她做了決定，開設這家結合自己攝影興趣與理想的咖啡館，「所有裝潢、菜單，自己規劃設計。」加上分別是專業攝影師及飯店主廚的兩個弟弟協助，整家店的風格概念完整，餐點也具一定品質。為了創業，彭枝微從頭學習相關專業課程，並考取咖啡師國際證照；店裡除了提供義式濃縮咖啡為基底沖泡出來的各種花式咖啡，還有手沖精品咖啡，選用的咖啡豆，是向世界盃咖啡大師台灣區冠軍的達人簡嘉程採購，由她自己研磨、手沖，表現不同產地咖啡豆的個別風味。影咖啡的所有甜點，都搭配自製香草糖製作，每種甜點都帶有淡淡甜香的香草味，招牌甜品像：金磚布丁、可麗露、檸檬塔、季節水果塔、檸檬生乳酪蛋糕、起司條等，經常中午剛過就售罄。其中，獲選2016年竹好呷網路票選第一名伴手禮的金磚布丁，以類似鳳梨酥的酥皮，搭配雞蛋、牛奶、香草糖製作的內餡一起烘烤，人氣超旺；「我花費一年多時間試做、調整火侯才成功。」她說，用心做出來的成品，外皮金黃酥脆、布丁內餡又不過熟，出爐後還需冷凍定型一晚才能脫模，因為純手工製作，數量有限，訂單已排到兩、三個月之後。"
"新竹利利號","https://www.facebook.com/Lilihao.since1960/","(03)5227365","東區","10018010","中正路96巷6號","推薦菜色：原味肉鬆、芝麻肉鬆、厚薄片肉乾，出了巷口就是中正路，周邊大型連鎖餐飲美食店林立，蝸居「巷仔內」的利利號，門面不大，卻能屹立一甲子，獨到的美味，是市長林智堅的口袋美食之一，不少新竹人也已經吃了三代。「我現在有空還會自己走路去買兒子喜歡吃的肉鬆」林智堅說，這家老字號的肉品，都好吃。窄窄的門面，毫不起眼，進入店裡才發現縱深長，屋子前方是門市，擺滿各式肉乾、肉鬆、香腸、臘肉與火腿，香氣撲鼻；利利號目前由葉日棟、葉日傳兄弟經營，日棟負責業務行銷，日傳專注產品開發與品管，「我們71年從學徒做起」葉日傳回憶說，每天清晨4、5點就得到市場選購溫體豬肉，回家開始備料、搥肉、炒製各式肉品、調味、烘乾，每道步驟都遵循傳統，一點不馬虎。門市後方就是工廠，一座30多年歷史的傳統大灶上，擺著三口大鍋，所有肉鬆製品都在大鍋裡炒製，利利號肉品口味數十年不變，兄弟倆接手姨丈的店，堅持傳統做工，像肉鬆、肉脯是用龍眼木搥製，依肉品軟硬度一槌、一槌把纖維敲鬆，保持肉質彈性與肉汁的鮮味；肉乾分厚、薄兩種口感，也是人工一片片擺上烤架烘烤；煙燻臘肉、香腸則選用台灣杉含量較高的木屑粉，炭火燻製，產品多了道獨特燻香味，傳統做工不若機器快速，成本也高，兄弟倆認為，能換來顧客數十年來的信賴，一切都值了。因應國人健康與養生風尚，利利號的肉製品逐步朝少鹽、少糖、口味清淡化的方向走。利利號的核心技術，也吸引多家知名品牌大廠委託代工，兄弟倆商議後，不願讓機器取代手作的細緻與口感，僅提供熟客及優質廠商服務，「讓客人吃得健康美味，是利利號永遠不變的信念。」他們這麼堅持著。"
"艷麗PondokSunny","https://www.facebook.com/pondoksunny/","0965356956","東區","10018010","南大路52號","推薦菜色：千層糕、娘惹糕、南洋叻沙鍋，2015年9月開幕的「豔麗PondokSunny」，提供星馬、印尼的特色糕點與餐食，開店時間不長，已廣受在地食客好評。店名「Pondok」意指南洋島國常見的茅草小屋，熱情的南洋風格也表現在多彩的內部空間，牆面的手拓彩繪，到桌椅、燈罩的布樣，都是店主李依庭親手打造，各項擺飾是她多次與母親往返東南亞各地的收藏，營造了獨特而溫馨的用餐氛圍。「豔麗」的緣起來自店主的母親姚燕麗，她在印尼出生，父母是馬來西亞及新加坡華僑，這樣的家族背景，讓她對東南亞各地特色料理與文化相當熟悉，嫁來台灣近30年，懷念家鄉味，開始做起南洋點心，起初在新竹縣北埔擺攤，因女兒願意接手，才決定在香山開南洋風餐館。南洋糕點是「豔麗」的主打商品，口味多元的娘惹糕及千層糕，一蒸一烤，都是慢工出細活的好滋味，台灣人講究健康養生，老闆娘順意民情，捨棄傳統娘惹糕大量以人工色素增色的做法，改用竹炭、梔子等天然食材，與酒釀桂圓、地瓜融合，創新口味。店裡餐點道道都有好評，值得一提是「牛肉丸」，選用台南溫體黃牛肉，肉質鮮美，製作時加入牛筋，口感更Q彈；餐後可以來碗甜湯，大家熟知的南洋甜湯是摩摩喳喳，還可以嘗嘗「錢多錢多」的南洋香蘭米苔目，或是加入仙草、錢多、亞答子、西谷米的「南洋珍寶」，一碗就能嘗到多種配料。老闆娘自製的印尼蝦膏、辣椒、紅蔥頭等手工蝦醬，也具特色，少了市售蝦醬的濃重腥味，像糯米椒蝦拌醬、小魚蝦拌醬，用來佐餐、拌麵或爆炒時蔬，都很對味。"
"福源花生醬","","(03)5328118","東區","10018010","東大路一段155號","推薦菜色：花生醬（顆粒、滑順）、花生（角）塘、黑芝麻醬、白芝麻醬、花生醬夾心蔬菜餅，「福源花生醬」是台灣知名度最高的花生醬品牌，設立60年，純手工製造，不加一滴水，也無防腐劑，口感綿密、香氣濃郁，還吃得到顆粒，讓人百吃不厭。早年新竹的花生醬工廠多集中在東大路一帶，與此區位居交通樞鈕有關，形成獨特的花生醬製造聚落；福源花生醬堅持手作，也講究真材實料，逐漸打開知名度；不過，隨著時代進步，市場充斥各式機器量產的花生製品，純手工製造的花生醬工廠在利潤有限與人力不足情況下，紛紛轉行，唯福源挺立至今。「福源」原由一名山東漢子經營，因他的家人不願承接，當時經營花生批發的曾和昌，不捨這好味道消失，與妻子劉瑞英討論後，決定接手，他們全心投入，也專注品質的態度，讓福源品牌發光發亮，目前已由第二代曾俊強接棒。福源堅持選用彰化、雲林的九號花生，這品種的花生油脂多、香氣濃郁，專門用來榨油，也稱之為「油豆」；曾家人特別挑選其中顆粒粗大的花生米來作花生醬，此豆炒起來香氣四溢、口感溫潤。花生最怕不新鮮，為了防止儲存不當滋生黃麴毒素，只要一進貨，馬上放進冰庫保存，維持最佳品質。福源招牌花生醬，每天現做，絕不隔夜囤貨，每次得炒上150斤花生，製作時的溫度、火候是成敗關鍵，太焦會苦、太生又有豆青味，絲毫不得馬虎；由於百分之百使用花生原豆與白糖製成，不加一滴水或添加物，花生醬一開封，滿溢的花生香氣席捲五官，濃密馥郁，單吃或抹在吐司上都好吃，不僅口感綿密，還吃得到花生顆粒，是老饕與行家最愛。"
"河堤上的貓","https://www.facebook.com/profile.php?id=100064142256905","(03)5244189","東區","10018010","民族路33巷68號","推薦菜色：咪‧咕嚕嚕、黑森林奶茶，新竹限定的手搖飲店，是舊城區護城河畔的「河堤上的貓」，這家兩名年輕女子創業的店，從老闆到店面設計與飲品，充滿文青風，是新竹排隊名店，不僅是年輕學子成長的共同記憶，票房破億的《我的少女時代》，也特來取景。2006年，兩名當時26歲的年輕女孩，攜手創立這家小店，說起開店的歷程，仍漾著青春朝氣的陳穎瑩與郭乃菁說，最初懷抱著幫朋友圓夢的想法，天真創業，可兩人毫無餐飲經驗，又沒家人奧援，一路跌跌撞撞，相當辛苦，「曾多次想放棄」，後來遇到了一隻流浪貓「啵布」，牠離奇的求生過程，激勵了兩人，重新思考再出發，成就了「河堤上的貓」。手搖飲料已成國民飲品，新店一家家開，為了區隔，兩人對飲品命名特別花心思，「啵布」提供不少靈感，店裡招牌飲品是以特調奶茶為基底，加入大、小珍珠與綠豆的「咪‧咕嚕嚕」就挺富巧思，陳穎瑩說，貓咪在接受主人安撫時會抬頭發出「咕嚕嚕」的聲音，就像喝完了奶茶，也發出「咕嚕嚕」般幸福滿足的聲音一樣；曾經有客人問：為什麼取這麼抽象的名字呢？旁人逗趣回應，這是咒語喔！喝之前要先唸「咪‧咕嚕嚕」，飲料才好喝。店裡的招牌還有「小方塊綠奶茶」、「玉荷冰茶」等，都巧妙利用珍珠口感的QQ小方塊及特調綠茶，一新茶飲控的味覺經驗，口味清爽。11年了，客人來來去去，河堤上的貓已不單純是間茶飲小店，反而容納了所有曾經路過品嘗茶飲的人們的情感；「店雖小，卻滿是客人生活日常的印記，這是河堤上的貓最有價值的地方。」曾經，有熟客在店前拍婚紗，且預約店家飲品當做婚宴飲料；曾經，有人為她們送上麵包，表達謝意；曾經，有研究生在畢業論文首頁，標示感謝文.........，儘管細微，卻都是支持她們繼續前進的動力；「我們會繼續在一起，和消費者、員工，創造更多美好的回憶。」"
"薪石窯柴燒窯烤","https://www.facebook.com/an.wood.oven","(03)5720073","東區","10018010","水利路46巷67-3號","推薦菜色：手工窯烤麵包、蜜橘吐司、窯烤南瓜燉飯、鳳梨酥，中午時分，陣陣烘烤麵糰與pizza的香氣，隨著木材炙燒的熱度與聲響，從門前一座紅磚砌成的柴窯口，溢傳出來；這時的店裡早已賓客盈門。以窯烤麵包馳名的「薪石窯」，座落在稻田包圍的尋常農村巷弄裡，距離市中心區有些距離，卻阻擋不了千里尋香的饕客。老闆娘戴慧欣喜愛烘焙，也樂於將自己手作麵包點心，分送給鄰里鄉親品嘗；在一次法國旅行中，看到一家特別的店，使用石窯烘焙麵包，那份特殊的香氣與口感，縈繞迄今，念念不忘。回國後，萌生了開店的念頭；正好，一位麵包師傅從越南帶回法國殖民時期遺留下來的石窯模型，跟原本經營建築業的先生許禮瑩一起研究，依著模型，打造一口「新老窯」，也開啟了「薪石窯」的美食天地。「這口窯是台灣目前唯一雙層窯」，許禮瑩驕傲地說，也是這家店的主角，坊間的柴窯，烤室與燒材的地方多半在同一層，薪石窯特殊之處，是烤室與燒柴處各作一層，這樣的設計可以使窯內溫度保持均勻，讓食材完整受熱，烘烤出更美味的料理。薪石窯主夫妻都重視自然養生，店裡選用的食材，也多是台灣友善土地或有機無毒的在地農作，像拉拉山的水蜜桃、梨山蜜蘋果、萬丹紅豆、新竹茂谷柑等，巧妙的運用在麵包、糕點或窯燒料理中，透過這些在地小農的食材，以最實惠的價格，讓每位顧客都能享受到「大地的食物，自然的味道。」薪石窯除了現烤的招牌麵包與pizza外，還創新設計了窯烤美食，德國豬腳、客家鹹豬肉分享餐，粗獷豬肋排、魚肚肉條、栗子雞肉飯、南瓜燉飯等，都教賓客吮指叫好，現場還提供親子DIY烘焙體驗課程，目前開放Pizza、鳳梨酥、紅豆麵包等課程，「期待透過DIY，一方面增進賓客親子間情誼，也跟薪石窯有更深刻的情意連結。」夫妻倆真心的說。"
"墨咖啡","https://www.inkcoffee.co/","(03)5220608","東區","10018010","林森路180號","推薦菜色：義式咖啡、單品咖啡、手作甜點（檸檬系列、核桃布朗尼），簡約文青風的墨咖啡，是許多新竹人嘗手作點心與品咖啡的最愛名店，2樓小酒館，更是熱愛世界手工精釀啤酒者朝聖之地。10年咖啡館資歷的老闆周義翔，早在學生時代就到咖啡館吧台打工，對咖啡深深著迷，也立志成為專業的咖啡人；因為長期在咖啡館工作，了解咖啡館經營的辛酸與苦樂，熟悉咖啡館經營管理的Know-how，圓熟了創設「墨咖啡」的實力。墨咖啡明亮寬敞的空間，洋溢著濃濃的書卷香，1樓是北歐簡約風的咖啡天地，2樓淡雅和風的精緻小酒館，周義翔說，因為弟弟喜歡品酒，利用2樓空間規劃一處供應世界各國手工精釀啤酒的專門店，讓咖啡館意外多了份微醺的選擇。來這裡，除了品飲義式或頂級單品咖啡，不妨嘗嘗手工製作的糕點，滿足苦與甜之間，味蕾交織對應的滋味；店家推薦檸檬系列手作甜點：檸檬生乳酪蛋糕、檸檬塔，主廚重視原物料的新鮮與品質，選用法國奶油與CreamCheese，製作耗時，出爐的檸檬起司香，令人陶醉；另一款招牌是核桃布朗尼，選用法國與厄瓜多的巧克力製作，滿滿的核桃香氣搭巧克力的苦甜滋味，是巧克力嗜食者首選。「墨咖啡也是新竹文創者交流平台！」周義翔說，咖啡館向來是文人雅士聚會場所，台北不少咖啡館也常變成文創工作者匯聚的地方，墨咖啡有相同的期許，店裡不定期舉辦藝文交流與座談，間或展售文創商品，讓咖啡館增添了文藝風。"
"安琪拉的魔法屋","https://www.facebook.com/angelamagic214/","(03)5637150","東區","10018010","長春街40巷10號","推薦菜色：反轉焦糖蘋果蛋糕、巧克力雪山頂、栗南瓜起司蛋糕，美味的甜點一如戀人，散發獨到的魅力，引誘著蠢蠢欲動的味蕾，撫慰人心。「安琪拉的魔法屋」在長春街的僻靜巷弄間，前院是一處多肉植栽構成的小小綠色森林花園，造訪時，斑駁木門裡，已飄出陣陣烘烤餅乾和蛋糕的暖香。熱愛藝術、大膽追求人生價值的魔法屋主人安琪拉，捨棄竹科新貴的工作，花了1年時間拜師學藝，從學徒到主廚，歷經篳路藍縷的艱辛與繁盛枝葉的美好，如今已在糕餅界擁有一席之地，充滿創意的糕點更獨樹一格。安琪拉重視生態保育，食材選用堅持土地與人互相依存的生態關係，除了起司從國外進口外，多數採用台灣在地食材，尤其青睞對環境友善、不施農藥小農栽植的有機作物，烘焙過程中，也流露她對料理的堅持與用心，焦糖蘋果蛋糕剛好使用一顆至少300公克重的蘋果，奶油炒香的焦糖和微酸的蘋果結合，加了杏仁粉和蘭姆酒的蛋糕主體，值得一嘗。安琪拉獨創各式曼妙滋味的手工蛋糕，還有備受喜愛的手工餅乾，詢問度超高，一款外國人稱之為ChocolateCrinkleCookies，國人稱巧克力雪球的餅乾，安琪拉稱之為冬季限定版「巧克力雪山頂」，第一口咬嚼時覺得不像餅乾，僅手掌大，裡面深藏蛋糕般酥軟的口感，每顆都像下過雪的山頂造型，還有美美的山峰裂紋，配上一壺好茶或咖啡，幸福滿滿！安琪拉還有許多經典餅乾，希臘雪球、寶石果醬、蔓越莓核桃燕麥等，都是熱門品項，經常出爐沒多久就賣光，自嘲喜歡撿拾、收藏老東西的安琪拉，店裡盡是她多年的珍藏與藝術品；她也喜愛各國雜貨，從鄉村風廚具到負盛名的手繪盤具組，都能讓旅人像尋寶般處處驚豔。卸下繁複的應對及招呼，沉浸在無菜單料理的美味中，大飽朵頤後再來一片招牌起司蛋糕和濃郁香醇的熱咖啡，在忙碌中細品人生。"
"本味木瓜牛奶專賣店","","(03)5235280","東區","10018010","林森路104號","推薦菜色：木瓜牛奶、現榨蔬果汁、綠豆沙，簡樸的門面，非觀光人潮熱點，能屹立40多年，憑藉的是紮實的工序與用心，逐步建立起消費者綿長的味蕾記憶。「我們服務正港新竹在地人，外地客也多是新竹人G-來的。」牆上巨幅的老照片，顯現「本味」的老字號，從現址對面的路邊攤賣甘蔗汁起家，隨著60年代台灣經濟起飛，漸漸更換產品品項，改賣新鮮現打果汁，並以鮮奶取代煉乳，成為明星招牌的木瓜牛奶專賣店。不以花俏擺飾製造視覺效果，全靠真材實料，不加太多的水或其他添加物，單純以滿滿份量的水果，端出本味十足用心的誠意。第二代的柯老闆自信地說，自家產品與別人不同之處，就是呈現單一水果「本味」的果汁，而非果汁水，不靠其他水果提味，口感就夠濃醇香。他以「兩個小孩喝一杯500C.C.的草莓牛奶，不用1分鐘」來形容自家果汁厲害之處，好喝到完全停不住，一口喝完，來不及外帶回家！要呈現水果最單純原始的味道，對於主角—水果的挑選自然不得馬虎，使用新鮮、熟度剛剛好的水果，才能呈現出果香鮮甜的滋味。因此，本味的食材都是從產地直批，嚴選自屏東的木瓜，大小重量完全憑經驗精確判斷，果肉甜度高，香氣濃，也因此招牌「木瓜牛奶」自然是濃稠香醇。除了人氣商品木瓜牛奶，還有依季節輪替的新鮮飲品：冬天的草莓牛奶、柳丁汁，夏天就是芒果汁、酪梨牛奶、西瓜汁以及綜合蔬果汁。客製化私房果汁，隨顧客需求搭配，製作專屬的黃金比例，完全不加一滴水，貼心的服務每一位老顧客。"
"直達咖啡","","(03)6669582","東區","10018010","光復路一段544巷9弄14號","推薦菜色：咖啡豆、手沖咖啡、流淚鬆餅，「接軌國際，新鮮直達」是直達咖啡最初命名的初衷。直達，有著直接、公平與正義的意涵，也正是直達咖啡經營的核心價值。老闆劉得煒神采奕奕地說：「我們不想做複雜的事，讓主角來說話。」這裡的主角，指的就是「咖啡豆」，「煒哥」是多數咖友的暱稱，他經營咖啡館的理念、方向，與坊間咖啡館大不同，把咖啡當成新鮮食材，自然樸質的概念，將高品質的豆子分享給好友，是直達創業的最高目標。早年，台灣咖啡館流行進口深烘焙的咖啡豆，一般人對咖啡的認知也停留在深焙豆的焦苦味，直達開業後強調淺焙豆，營運初期，多數人對淺焙新鮮咖啡豆沖泡出來略帶酸度的咖啡，還無法接受，煒哥不厭其煩解說，花了好一番時日，加上近幾年全球咖啡飲品潮流翻轉，透過網路資訊推播，咖友才逐漸瞭解新鮮咖啡豆的原始好滋味，「能喝酸咖啡才能喝到好咖啡」，這是他常說的一句話。「好咖啡需要緩緩品味」，煒哥希望客人到直達咖啡，能放慢速度，慢慢喝一杯好咖啡，也透過「慢」來找到合於自己品味的專屬咖啡，體會咖啡的美好。對於首次來店客，工作人員會不厭其煩地詢問客人對於香、甘、酸、醇、苦等滋味的喜好，為客人挑選一支專屬的豆子，如此嚴謹的態度，對應了老闆的堅持：「咖啡豆與人，是我們的兩大資產。」煒哥認為，台灣咖啡市場已逐漸走向精品咖啡豆的趨勢，過去，一般人對咖啡豆的要求，並不在意「新鮮」與否，如今，嗜咖啡者卻百般挑惕，追求新鮮、莊園、精品豆；不過，精品咖啡種類繁多，初入門者往往目不暇給，他特別推薦帶有洋甘菊香與薄荷清涼的衣索比亞耶加雪夫水洗豆，是最佳入門豆。直達咖啡經營目標不侷限在咖啡豆的販售，煒哥期望拉高國人對咖啡的正確認知；兩年前開始造訪荷蘭、日本等優質豆商，相互交流，也親自到法屬留尼旺島拜訪世界最稀有、頂級「尖波旁豆」的農家，「希望把世界各地的好豆引進台灣」。不斷汲引新知是煒哥團隊的特質，他們以「聽懂、明白、簡單、熱情、相信」10個字，定義2017年的直達，同時啟動校園巡迴演講，將從新竹起步，擴及全國，把國際咖啡界最新、最正確的知識與技術，用簡單聽得懂的話，傳遞給咖啡愛好者與年輕人。"
"璽子牛肉麵","","(03)5715959","東區","10018010","博愛街31號","推薦菜色：斤餅、斤餅包牛肉、清燉牛肉麵、炸醬麵，「璽子牛肉麵」位於十八尖山登山口旁，雖非開業數十年的老字號，卻以每日現點、現做的斤餅打響名號，用餐時間總見大排長龍。店內最吸引人的，莫過於師傅在工作台前製斤餅的畫面，這是顧客必點的鎮店招牌，人氣旺到在竹北開分店，人潮依舊絡繹不絕。「璽子」老闆是江蘇人，早年在台北牛肉麵館工作，10年前興起開店念頭，將工作經驗化為技術，開了這間店。店內事務由老闆與老闆娘家人一同打理，每天一早都到店內親自燉煮牛肉、調配醬料。如今，老闆娘的兄長、妹妹已分別擔負起本店與竹北店的店長，更親自傳授斤餅功夫給師傅，讓產品品質如一。既然號稱「斤餅專賣店」，招牌自然就是斤餅。「斤餅」一詞的由來，據說是因為在大陸販售時都稱斤論兩而得名，它的做法是將植物油與麵粉製作成的油酥，跟揉好的麵糰開層疊後捲成一團，下鍋前再成圓餅狀，煎烤至金黃熟透，就是外皮酥鬆又帶嚼勁的斤餅。單點斤餅時，師傅會在餅上塗抹甜麵醬，再夾入青蔥，甜麵醬的鹹甜滋味配上略為辛嗆的蔥段，簡單又美味；點食率最高的是京醬肉絲（附斤餅）及斤餅包牛肉，前者以甜麵醬等配料炒製肉絲，用斤餅包覆食用；後者則在餅內捲入切成薄片的滷牛腱及青蔥，風味絕佳，各有千秋。「璽子」的另一項招牌是清燉牛肉麵，最能嘗到牛肉原味。將整條澳洲牛腱肉切成三大塊後下鍋燉煮，腱肉內層夾雜的牛筋，經長時間燉煮後軟化，起鍋後再切大塊配麵食用，口感極為軟嫩，充滿膠質又帶有牛肉豐厚鮮味，頗受饕客好評。此外，店家也提供以薄切羊肉搭配清湯的清燉羊肉湯、炸醬麵、香辣肉醬乾麵等選擇。種類不多，但道道吃得出店家用心。"
"草根廚房","https://www.facebook.com/%E8%8D%89%E6%A0%B9%E8%B1%90%E5%BB%9A%E9%A4%90%E9%A3%B2%E9%9B%86%E5%9C%98-165329696849460/","(03)5200351","東區","10018010","柴橋路350號","推薦菜色：極品烤鴨、草根鍋餅，2004年開幕的草根廚房位於柴橋路山腰，沿山坡而建的紅磚黑瓦屋，高低起落著，高聳的樹木環繞，推開朱紅木門，彷彿走入鄉野林間訪友一般。老闆陳世淵本身就是新竹人，從小跟在經營客家、台菜餐廳的父母身邊幫忙，累積深厚餐飲底子，後來回到老家現址開起了草根廚房。取名「草根」，是希望客人在這裡不僅能吃得安心健康，還能無拘無束，就像在家裡和親友吃飯一般自在。到「草根廚房」得吃什麼？看看每桌都有烤鴨就懂了！店裡的極品烤鴨選用宜蘭櫻桃鴨，陳世淵說草根選用的鴨殺完需足4斤半重，且須具備約70天左右的鴨熟度，烤起來韻味與口感才會好。鴨先醃上八角、月桂葉等七、八種香料略為提味，採用明火掛爐烤法，將木炭香氣燒入鴨肉，在高溫中鴨皮更為酥脆。「草根廚房」的烤鴨，採皮肉分離片法，一隻鴨約能片上二十幾片鴨皮。咬下酥脆鴨皮，伴隨清脆聲而出的是濃厚鴨脂香，竄得滿口盡是油香，原味品嘗就讓人難忘，蘸上特製甜麵醬，以純手工荷葉餅包裹宜蘭三星蔥、小黃瓜一起入口，帶出鹹香、鴨皮的脆、蔥的辛香及黃瓜的清脆爽口，豐富的層次，帶來味覺驚喜。極品烤鴨除了烤鴨切盤外，還有酸菜鴨骨燉湯、醬爆鴨骨、生菜鴨鬆等不同吃法。除了烤鴨，「草根鍋餅」也千萬別錯過。鍋餅是淮揚菜的特色點心，豬肉、蝦仁內餡配上滿滿韭菜末，韭菜的特殊香氣與多汁口感，和鍋餅灑滿白芝麻的酥脆外皮，形成強烈對比，讓人一吃就上癮。冬季來到草根廚房，還有期間限定（10∼4月底）的酸白菜鍋，酸白菜、川丸子、鴨血等配料都是店家自製。主角酸白菜用的是山東大白菜，將米漿水、花椒、高粱酒、鹽等以傳統古法醃上一個月發酵而成。大量酸白菜配上每天一早熬的大骨高湯，再放入寬粉條、肉片、凍豆腐、川丸子、鴨血、白蝦、蛤蜊、新鮮菇類等豐盛配料，微酸的湯頭讓人胃口大開，一口接一口好不歡暢！"
"小山東館","","(03)5330550","東區","10018010","民族路252號","推薦菜色：鍋貼、水餃、酸辣湯、家常炒菜，尋常中午時分，客人或笑語宏亮或親切問候；踏入小山東館，老闆陳英訓和老闆娘劉碧玉對客人如數家珍：這對高齡近90的老夫妻已經吃了30多年、那一桌是科學園區上班的老主顧、這位住在附近⋯⋯，整間餐館彷彿大家庭。小山東館原本是間貨運行，這一帶當年是眷村，司機來自大江南北，常分享各自的拿手料理，老闆娘也擁有一手好廚藝。民國71年由陳英訓出資，眾人合力在貨運行一角開了小吃部，因主廚是山東人，取名「小山東館」。小吃部初試啼聲便大獲好評，吃水餃鍋貼的人比貨運行的貨還多，客人甚至得和貨物搶位置。後來，陳老闆決定將貨運行改成小吃部，成就了飄香30多年老味道的小山東館。小山東館的家常麵食中，舊雨新知必點的招牌料理是鍋貼。老闆夫妻堅持品質，餃子麵皮和內餡都是自己製，先將麵粉揉勻，放置十分鐘讓麵糰「醒過來」、放鬆後，將麵糰撥成小塊，壓扁、拉長，放入餡料；餡料選用上等黑豬後腿肉，除了蔥、高麗菜和一般常見調味料，還加入了自己熬榨出的黑毛豬油與特殊秘方。煎成金黃色的鍋貼，擺盤成太陽花的形狀，兩頭麵皮包起來的設計，巧妙地將湯汁鎖在裡頭，一口咬下，不僅嘗到爽脆的高麗菜和鮮甜肉餡，飽滿的湯汁更充盈其中，調味料除了豬油，胡椒粉、辣椒油都老闆夫妻手工製作，讓人欲罷不能，難怪假日一天能賣出2000多顆！老店往往面臨後繼無人的問題，所幸小山東館第二代子女決心拋棄科技新貴光環，毅然接手，並搬遷到新址開業，讓這迷人的懷舊老味道，在新竹繼續傳承下去。"
"老王記小館","","(03)5348686","東區","10018010","中央路300號","推薦菜色：小籠包、水餃、綠豆稀飯，老王記的水餃每天現包現賣，由黃家兩姊妹負責，兩人一個半小時得包完1000顆水餃。前一天先將韭菜或高麗菜洗好晾乾，早上現切、現包，肥瘦參半的豬肉加入水和薑攪拌，少了油膩，多了些濃郁薑味，菜與肉的比例各半，吃起來十分爽口。小籠包、蒸餃、水餃，三種看似相近的麵食製品，在「老王記」裡卻大不同，分別使用不同麵糰製皮、內餡比例及烹煮方法，口感與味覺不一樣；從基本的食材選用與製程設計，都反應店主對食物的要求與堅持。發跡於1948年的舊東門市場，最早是「天津老王記包子舖」，歷經搬遷、更名，2009年落腳中央路現址，由第三代接手，以「老王記」之名營業，店裡大小事都全家人一手打理，親力親為，光前置備料就花費數小時，「花同樣的錢，就該享受同樣的品質保證。」年輕的黃老闆說。老王記的麵食都現點現做，當天製作賣完就收，絕不讓客人吃到回籠的食物；就連客人C-預訂，也都盡量在客人取餐前兩、三分鐘，餐點做好並打包完成，讓客人享受到尚青的美味。以老麵製作麵皮的小籠包是招牌，麵糰的發酵程度依天候、濕度、溫度、環境、時間不一，憑經驗和手感來判斷。負責小籠包麵糰製作的黃老闆謙虛說，「花了10年才完全掌控麵糰的發酵技術。」麵糰必冷藏保存，讓它在低溫中慢慢發酵約8小時，由於擀麵、包餡都在高溫的廚房中進行，如此一來，移進室溫後，麵糰發酵的速度會變慢，品質也相對穩定。十年磨一劍，完全真功夫，為呈現一流口感的天津小籠包，黃先生不斷研發改良，內餡的肉每天要花上1個多小時細挑骨頭、肉筋，讓客人吃到細緻順口的餡，挑不出細骨或難以下嚥的食材，嚴格的品管與自我要求，讓來客心服口服，一吃成主顧。"
"大眾小館","https://www.facebook.com/tachonghsinchu/","(03)5622540","東區","10018010","南大路93-3號","推薦菜色：炒飯、花雕雞、麻油松阪豬、鹹蛋苦瓜，原本是攀高搬重物的粗工，變身持鍋鏟的廚師！李俊德憑著吃苦耐勞的性格與積極學習的態度，讓自己的職涯轉身成功，也讓新竹市多了一處美食天地。在新竹市南大路的大眾小館，是新竹人耳熟能詳的快炒店，除了各色炒飯，花雕雞、麻油松阪豬、鹹蛋苦瓜這三道菜，是必點名菜。練就這麼一身炒功，李俊德可是從學徒做起！「當年薪水低，什麼都要做。」李俊德說，踏進廚房對他來說是全新體驗，從基礎學起，當時的師徒制是：師父領進門，修行看個人，老廚師並不主動叫學徒學習，得自動自發，他改變幹粗活的率性，仔細觀察師傅每道菜的步驟，逐漸領略到掌廚的要義，抓到每道料理的精髓。每天清晨6點半，李俊德送孩子上學後，便到經國路的果菜市場，親自挑選新鮮食材，「要確保每一道料理的品質」。9點半到11點是店內備料，之後便是一天最忙碌的時刻。大眾小館的經典菜是花雕雞、麻油松阪豬、鹹蛋苦瓜。花雕雞選用土雞腿，去骨後，以精選台灣菸酒公賣局的花雕酒醃漬，與杏鮑菇一併油炸，封住肉汁後起鍋備用，緊接著把切好的紅黃甜椒與青椒入鍋快炒，放入備料，再次爆嗆，燜燒約6分鐘起鍋。麻油松阪豬是將松阪豬與杏鮑菇先汆燙，另起一鍋以老薑片、麻油爆香，再將松阪豬等放入鍋中，加水、米酒、枸杞等一同拌炒；他說，松阪豬選用新竹本地的黑豬肉，非進口，油花分佈均勻，軟嫩可口、齒頰留香。另一道鹹蛋苦瓜與一般快炒店手法不同，不清炒，以油炸方式呈現。首先，將苦瓜切成薄片後油炸，鹹蛋黃弄碎後，放入鍋中，加少許鹽巴、蔥與辣椒拌炒，苦瓜宛如黃金般的色澤，視覺與口感都華麗。大眾小館的炒飯，在網路被稱譽為「新竹炒飯王」，不過，近年來已減少品項僅留下部分經典炒飯，不要錯過！"
"老港陳","https://www.facebook.com/%E8%80%81%E6%B8%AF%E9%99%B3-%E6%B8%AF%E5%BC%8F%E7%BE%8E%E9%A3%9F-112742292134562/","(03)5278186","東區","10018010","南門街55號","推薦菜色：鮮蝦腸粉、紅油抄手、皮蛋瘦肉粥、蛋意麵，老港陳老闆陳樹水本身是香港人，懷抱夢想來到台灣這塊土地，為新竹多元並茂的美食地圖增添一縷芳香。「起初，我是賣潤餅的」，直到2004年左右，才開始賣起現今在新竹膾炙人口的老港陳港式美食。一開始，是由老闆開著發財車在以前的中興百貨擺攤，最後在2012年落腳到南門街這家紅磚造的老店面。每日晚上7點過後，店內的人潮便逐漸聚集，到了深夜時刻更是一位難求，得要等待多時才能一飽口福。「我們最推薦鮮蝦腸粉、紅油抄手、皮蛋瘦肉粥以及蛋意麵。」鮮蝦腸粉是將再來米粉調製而成，淋上特調的醬汁，入口難忘。紅油抄手則是選用有豐富脂肪的豬腩，也就是俗稱的五花肉，滋味極好。在老港陳這碗看似簡單的皮蛋瘦肉粥，是用豬骨熬製的上湯去熬米成粥，比起坊間的粥，多了一份鮮甜可口的軟爛滋味。而蛋意麵則深受年輕女性喜愛，簡單美味。"
"南門當歸鴨麵線","","(03)5253216","東區","10018010","南門街30號","推薦菜色：當歸鴨麵線、當歸豬腳麵線、當歸滷味拼盤，明亮燈光與潔淨店面，南門當歸鴨和你想像的傳統「老店」不一樣；走進店裡，老闆熱情的噓寒問暖，及當歸湯暖暖甜甜的滋味，卻又如此傳統。民國55年創立的老店，緣自一場暖心意外，老闆陳慶源的父親早年熬製當歸鴨湯，單純給家人補冬，幾年下來，好味道傳遍鄰里，紛紛央求分享，最後只能開店，滿足大家需求。招牌當歸鴨湯正是他父親白手起家研究出來的配方，選用當歸、桂皮、枸杞、紅棗、熟地，搭配豬腳和六支全鴨一起燉煮，湯頭喝起來多了點「圓潤」口感。「這是很抽象的感覺，就像白開水沒味道，熬煮過的湯頭就很不一樣」陳慶源說。陳慶源退伍後從父親手中接下店面，才發現這個從小吃到大的味道原來很特別，也在經營過程中，更貼近父親。「我爸個性很固執，接手後第五、六年才能體會他的固執是對的，堅持也是對的」他說，前幾年曾建議父親修改配方、更換中藥商，統統被打回票，也讓他漸漸感受到，美味和父親的堅持是綁在一起的。美食也需順應潮流，在保存父親傳統手藝之外，他也嘗試創新，新舊拔河中，從傳統玩出新味。舉例說，他看準市場需求，推出當歸豬腳麵線，客人可以帶給長輩們過生日；近期也研發當歸餛飩、當歸羊肉，並加入太太親手做的小菜豐富菜色，拓展客源。「創新是必要的」，不過菜色新，料理流程卻都遵循傳統，絲毫不馬虎，所幸，這樣的創新，也得到老主顧的普遍讚賞。鍋爐底下的火持續燃燒，那份為家人冬天進補的心意從未熄滅。"
"無名早餐店（饅頭肉排蛋）","","(03)5721869","東區","10018010","學府路112號","推薦菜色：饅頭肉排蛋、豬肉餡餅、韭菜餡餅、蛋餅加肉排，開業30多年的無名早餐店，老闆娘蔡媽媽20多歲開賣迄今，累積穩定的顧客群，不少主顧客都成為好朋友。早餐店原本是蔡媽媽為補貼家用的副業，沒想到做出興趣與名聲，生意越做越好，因人手不夠，丈夫、兒女索性全部投入，成為家人的共同事業。本身對吃極有興趣的蔡媽媽，最喜歡在廚房裡摸索，每天研究新菜色，做出好料理跟大家分享。「端上桌的，一定要好吃，不美味的，不上桌。」這是她的原則。店裡招牌「饅頭肉排蛋」是最有媽媽味道的活力早餐，也是人氣最夯的商品。她說，兒子挑食，不想讓他每天吃相同的早餐，於是靈機一動：自己醃排骨、煎排骨，再加入荷包蛋，夾進當天現做的饅頭裡，如此一顆飽滿紮實的饅頭，吃起來既方便又飽肚，裡頭更有滿滿媽媽的愛心，沒想到此舉讓客人瞧見，也嚷著來一顆，意外成為店裡明星商品。無名早餐店生意好，門口經常大排長龍，蔡媽媽一家人並不因為生意好而鬆懈，每天戰戰兢兢用心備好每項產品，為客人準備熱騰騰的早餐。當然，老客人也總是心甘情願地等待，用這樸實又認真的一味，來開啟一天的活力"
"石家魚丸","https://sfishball.com.tw/","(03)5242965","東區","10018010","東區興學街27號","推薦菜色：骨仔肉魚丸湯、香菇摃丸、滷肉飯，石家魚丸，風城馳名老店之一，創辦人沿街敲缽、愛妻疼女的真實故事，足以寫成厚厚的一本家傳奮鬥史。石家的招牌美食—骨仔肉魚丸湯，料鮮味美，用魚漿打成的丸子Q彈富咬勁，軟嫩的骨仔肉幾乎入口即化，再搭配香滑濃郁的清澈鮮高湯，是新竹離鄉遊子深深懷念的家鄉味。1944年，創辦人石朝俊13歲，跟師傅學了手藝出師後，沿街挑擔賣魚丸。日子雖清苦，但天公疼憨人，讓他娶到姚綢這位精通廚藝的好妻子，她突發奇想將餡料包在丸子內，沒想到大受客人歡迎。「做出好吃的魚丸讓顧客滿意，是我們堅持的理念。」石家魚丸採用最上等的食材，魚漿選用深海魚，加赤肉、蔥和荸薺三種內餡，傳統工法現包現做。鍋裡的丸子隨沸水不停滾動，工作區內員工雙手幾乎沒停過，「來喲~來喲~燒ㄟ魚丸湯！」石老闆用大湯勺熟練地撈起一鍋丸子，大聲吆喝注意別被燙傷。石老闆秉持傳統製程繁複費時，「先把魚肉刮下來剁碎攪拌，每一鍋餡料攪和10分鐘以上，直到拌出肉的黏性為止。」經過大火熬煮的豬骨仔肉，口感軟嫩，細肉入口即化，坐在一旁的石老太太端了一碗魚丸湯，笑臉盈盈地和客人聊天，和善親切的態度不改當年。坐在店裡的一位老闆級顧客也攜家帶眷固定到石家魚丸報到，「我從年輕小夥子讀書打工時就開始喝他們的魚丸湯，吃了30年，口味好、價格公道、服務又好！」客人絡繹不絕，從店門口排到巷口，形成巷弄美食的另類街景。傳統道地的家鄉美味，令人想起廚房裡媽媽的身影，僅僅是一碗小小的魚丸湯，連異鄉遊子也抵擋不了它的美味，吃了還想再吃，一甲子老店果真魅力無窮！"
"禾日香魯肉飯","https://www.facebook.com/profile.php?id=100064084713497","(03)5280276","東區","10018010","民族路163號","推薦菜色：招牌魯肉飯、太陽飯、泡菜、小魚辣椒、手工魚羹，「好東西得經得起挑戰！」老闆鄭明枝開朗的說；經營魯肉飯小吃，源自喜歡做菜給家人吃，從法院書記官退休後，一頭栽入「魯肉飯」製作，無師自通，抓到要訣，後來決定開店，主打魯肉飯，因肉香濃郁，吃完唇齒留芳，備受歡迎，便以「香」字拆解出來的「禾日」當店名。禾日香創店至今5年，女兒也加入營運行列，稱得上二代合力；鄭明枝負責出菜，除滷肉燥，還供應古早味白菜滷、雞絲飯、滷大腸、炒菜心、泡菜、手工魚羹湯等，都是些常民小菜，簡單卻有好味道；招牌魯肉飯加值變成「太陽飯」，更是紅翻天，暖暖的菜名，入口就有滿滿的幸福。鄭明枝做滷肉燥都選用整塊松阪肉，肥瘦比例適當，手工切大丁塊，不假手機器；肉燥越滷越香，肥肉逐漸熟透化開，只剩瘦肉，松阪肉的口感佳，不會柴化澀口。他說，因為全家四代都在店裡吃三餐，把客人當家人看待，自己吃什麼，客人就吃什麼，所以不惜成本，店內所有配菜也秉持這樣想法，這份真心，已得到顧客認同。加入魯肉飯一級戰區，要異軍突起不容易，鄭明枝全家總動員，每年農曆春節假期，百業皆休時，他們開店，還辦熱鬧的吃魯肉飯抽紅包活動，一方面服務顧客，也招徠新客群。禾日香也開發冷凍滷肉燥包、泡菜罐、瓶裝小魚辣椒及手工魚羹包，提供外帶與宅配，還參加十大伴手禮甄選，希望透過多元管道曝光，打響「禾日香」的知名度。"
"榮記客家湯圓","","(03)5238238","東區","10018010","武昌街64號","推薦菜色：客家湯圓、白斬肉飯、梅菜爌肉飯、粉㲖，年輕潮流服飾店家林立的文昌街區，隱身一間近30年的老店─榮記客家湯圓，憑藉客家家常味，緊緊扣住年輕人的味蕾，在許多新竹人的味覺記憶裡，添上難以忘懷的好滋味。民國78年，老闆娘吳周秋子因須扛家計，身為客家人又愛吃湯圓，索性在騎樓下擺攤，賣起自己最熟悉的客家湯圓；當年，攤子上僅寫著「客家湯圓」四個字，之後為方便客人尋找，以三個孩子名字中的「榮」字命名，將路邊攤搬到老家一樓開設店面，成就今日的規模。米食向來是客家人的拿手絕活，傳統客家湯圓的特色是不包餡的紅、白小湯圓，可甜、可鹹，尤以能當主食的鹹湯圓最受歡迎。她說，鹹湯圓作法各家不同，各具風味，基本上都會加入茼蒿、肉絲、香菇、蝦米、韭菜等配料。對客家人而言，油蔥、蝦米爆香後的味道，決定了湯頭的好壞；食物才送上桌，油蔥、蝦米揉合的香氣已撲鼻，「這種強烈的存在感是屬於客家人的味道」。「榮記」的客家湯圓以較富黏性的純糯米手工揉製，每顆湯圓都得搓揉到表面完全沒有毛細孔，水煮時較不容易吸收水分，吃起來更Q彈；「榮記」鹹湯圓有獨特的美味，除了香菇、蝦米、蒜頭、肉絲、胡椒，還加入三種中藥材，大火炒出香氣，之後淋上醬油、加少許以大骨、雞骨熬煮的高湯，湯頭濃郁又鮮甜。抱著不讓客人餓著的心，榮記湯圓用大碗公裝盛，不僅青菜配料多，湯圓也毫不客氣地佔去大半碗，份量多，常讓客人忍不住驚呼，一般成年人也一碗就飽，加上價格親民，是庶民小吃中最物美價廉的選擇。"
"水哥養生早餐","https://www.facebook.com/WBB1999/","(03)5327479","東區","10018010","民主路64號","推薦菜色：牛肉五穀飯糰、豬里肌飯糰、烤雞腿飯糰，這家早餐店週六一天就能賣出1000個飯糰，平日營業時間，門口也總大排長龍。搭計程車時只要說：「我要到水哥飯糰」，司機大哥就會載你到目的地；「水哥養生早餐」在新竹市人心中，儼然已成地標。暱稱「水哥」的老闆呂呂水，常因姓名中有雙呂，引發顧客好奇。他是中餐廚師，曾任職台北五星飯店多年，921大地震後，想找一個能跟家人在一起、方便照顧小孩的工作，決定到新竹市賣飯糰。1999年從擺攤賣25元飯糰加送豆漿起家，至今已有自家店面。水哥創意飯糰的口味由水哥的太太發想，再由餐飲底蘊深厚的水哥付諸實現。店裡的主力飯糰口味，從傳統肉鬆、紅燒鰻、仔魚、燻雞、豬里肌、烤雞腿，到電視《食尚玩家》主持人浩子、阿翔大力推崇的牛肉五穀飯糰、西式口味的培根蔥蛋飯糰與香腸蔥蛋飯糰等，口味多變，加上不斷推陳出新，讓忠實客戶保有新鮮感。不只口味求新求變，店裡賣的餐飲，也以自己的孩子能每天吃、吃不膩來考量，因此，食材講究安全衛生，能安心食用為原則。水哥說，飯糰最惱人的問題是容易脹氣，他將飯糰中的白米與糯米比例稍做調整，解決這個問題。不過，問題來了，白米比糯米多，口感變得較軟爛，不如糯米來得帶有嚼勁，水哥開始研究，怎樣把白米煮得跟糯米一樣好吃，選用香氣足的新米，不過，新米香氣足但水分含量多，煮來容易爛，尤其不適合捏飯糰；他再摸索出一套獨特的煮飯系統，用高壓蒸煮，最短時間內讓米心熟透，使新米煮好仍保有Q彈口感，他將煮飯流程、比例數據化，詳細記錄每一次煮飯的數據與口感變化，花了十年時間，終於找到最接近心中完美的飯糰口感。水哥飯糰的份量也十分驚人，最輕235公克，最重的340公克，比一瓶飲料還來得重上許多，這樣的大份量飯糰最低消只要28元，最貴一款不過65元，經濟又實惠，不管男女老少，都愛上這一味。"
"燒餅屋","https://www.facebook.com/profile.php?id=100063838453919","(03)5712623","東區","10018010","東山街54號","推薦菜色：蔥酥餅、甜酥餅、燒餅夾九層塔蛋，「從小住眷村，每天經過眷村伯伯開的燒餅早餐店，總是被那股撲鼻的燒餅香吸引，那時候家裡窮，無緣品嘗，吃一口傳統手工燒餅，一直是我心中最大的夢想⋯⋯。」沒想到這個夢想，成為陳照淨創業的原動力。陳照淨的燒餅手藝是跟永和一名江蘇籍的高姓師傅學習，高師傅強調做傳統燒餅不能怕辛苦，得按部就班，不許馬虎，才做得出真正的傳統味；陳照淨秉持同樣精神，創業開店，「堅持傳統味是我的初衷」她說。「燒餅屋」做的餅項很多，有香蔥大餅、長形薄燒餅、蔥酥餅、甜酥餅（紅糖、白糖、芋香口味），其中，點食率最高的是長形薄燒餅，不管夾九層塔煎蛋或青蔥煎蛋，受歡迎程度都破表。「燒餅都是現點現做，在大烤箱內輪流烤。」她說，工作人員必須非常專心控制時間，不停翻面，可以想見夏天沒冷氣的時候是多麼辛苦，也因為這份用心，當酥脆的燒餅送進客人口中的剎那，瞬間讓人感動！除了強調現做與口感，燒餅屋重視食材，讓客人吃得健康無負擔，店內燒餅都用高級沙拉油揉製，素食者也能嘗。像紅糖酥餅內餡，便採用新竹縣寶山鄉的紅糖，蛋餅皮也堅持自己揉麵製，不買現成品，每日限量供應，假日很快就完售。燒餅屋的用心不只展現在食物上，盛裝食物的杯盤，也都用瓷器與紙袋，絕不用塑膠袋；因為是排隊的店，為了不讓顧客向隅，燒餅屋還提供簡訊訂餐服務，只要前一天晚上九點以前訂餐，隔天就能到店裡取得熱騰騰燒餅餐。如此的用心與貼心，都被顧客放入心裡，不僅口口相傳，呷好逗相報，很多是一吃成主顧。"
"Luau•pizza柴寮披薩","https://luau-pizza.business.site/","0908502903","香山區","10018030","元培街323巷5號","推薦菜色：驕傲的咖哩(PIZZA)、季節限定PIZZA，Luau，是夏威夷原住民語，意指在花叢草坪上的微醺PARTY，「我希望來到Luau的朋友，都能像在花園裡開派對般的悠然、隨性。」老闆波哥對Luau柴寮披薩店有這樣的期許；從環境到餐點，Luau的確是一處能夠放鬆、發呆與自在、悠遊的休閒空間。波哥是土生土長的新竹人，原從事服裝設計，長年海內外打拚，10多年前退休返鄉，在香山這塊坡地實踐理想，波哥對自己的退休生活設定，越簡單越好、自在享受手作的細節；他把數十年的人生閱歷與藝術修為，落實在這座自然樸質又生氣盎然的世外桃源。園區廣達1700多坪，餐廳所在地原是頹圮的老合院建築，後院小山坡居高臨下，保留自然原始生態，閒逛間還能找到農家鑿取的10多口古井，開發這片園區時，波哥秉持不增加環境負擔，盡量就地取材、廢物利用的原則，處處可見巧思。園區散置許多深具歷史價值的老東西，例如城隍廟附近撿拾的上百年磚瓦、刻有昭和3年字樣的火車站木條座椅、廟宇龍柱的石珠等，他還會木工，店裡有他製作的龍眼木貴妃座椅、相思木材質的三張「客雅溪」概念方桌、洗衣板餐盤……等，柴窯造型與屋牆顏彩也都跳脫一般人的想像，玩出洋溢著摩洛哥、印度等異國風情的隨興空間。他也愛園藝，整年都可見花開─2月滿牆鮮橘炮仗花、3月底4月初爬滿藤架的紫藤、夏日是盛開的千曲花⋯⋯，與顏彩強烈的建築物輝映得繽紛多彩。除了空間引人入勝，Luau的餐點也好。波哥愛吃，探訪各地特色小農，友善土地供應的食材，也尊重時令蔬果，巧妙融入菜單中；純手工窯烤PIZZA，從基本款的瑪格麗特、夏威夷、咖哩牛肉，到季節限定的紫環貝（3∼10月）、鎖管（5∼6月），還有新竹老總舖師製作燒賣時會用到的霜蝦（12∼翌年2月）等，都是絕美鮮味，水果披薩也是一絕，鳳梨、釋迦、榴槤、芒果皆可入味。在繁花盛開季節，還可能巧遇紫藤入味的甜品呢。Luau招牌菜是「發呆的雞」、「衝浪的紫環貝」，原生老品種小絲瓜、老欉芒果派，都教人驚豔。「發呆的雞」加了檸檬葉、月桂葉、洋蔥、義大利綜合香料，先蒸熟，再入烤箱微烤，保有雞肉的甜汁，口味絕佳；「衝浪的紫環貝」披薩，每只貝都張開口，像衝浪般，饒富趣味，特製的美牛頂級「厚切勒眼」，鮮嫩可口都教人回味。"
"邱記麻糬","http://www.mg1986.com.tw/","(03)5371805","香山區","10018030","中華路六段807號","推薦菜色：麻糬餅、客家紅豆手工麻糬、客家小肉餅，傳統手做麻糬，融合客家意象與風味，嘗一口，會在嘴裡交織出怎樣的雲朵？邱記麻糬各式創新產品，總讓人回味。邱坤方、趙芳齡夫婦1986年創立邱記麻糬，憑藉創新動力，走出自己的路，曾獲新竹市政府主辦的「網路票選十大美食」，深受各界好評。邱氏夫婦原從事玻璃製造，因產業外移，轉行喜餅代理商，「雖然業績很好，但代理商利潤非常低」，因手上有現成客戶，兩人決定創業。當時，餅皮包麻糬的產品，口感獨到，深受歡迎，是創業第一選項產，請了位中式糕餅老師傅來幫忙。不過，老師傅做的麻糬餅保存期限僅一、二天，不符成本，夫婦倆專程到花蓮請教麻糬業者，以不添加防腐劑為前提，經討論研究，找到保存七天的方法。建立基本技術後，兩人開始在麻糬餅裡添加各種餡料，包括：芋頭、抹茶、紅豆、芝麻、花生、黑糖，外皮使用天然糯米，餅皮酥脆，一口咬下，香甜滿溢；陸續開發出：粢粑蕃薯燒、蒟蒻養生鳳梨酥、客家小肉餅、芋頭餅、地瓜餅、桂花糕等餅品，同樣有特色。值得一嘗是「麻糬雪柿」，將麻糬和紅豆塞入柿子後冷凍，食用時取出稍候一會兒回溫，嘗起來冰涼Q彈，備受年輕人青睞，也獲選新竹市106年度十大伴手禮。"
"古今車用中蔬食餐廳","https://www.godongcarrestaurant.com/","(03)5182615","香山區","10018030","南湖路215巷255弄115號","推薦菜色：三杯猴菇豆腐煲、雲南米線、藥膳養生火鍋，「古今車用中蔬食餐廳」坐落於與新竹縣寶山鄉接壤處，佔地22甲，晴天時，藍天白雲襯托四周青翠山丘，景色宜人。「古今車用中」店名取自《道德經》「執古之道，以御今之有。」與《中庸》「執其兩端，用其中於民。」的兩段話，加上店裡展示的五台經典古董車，將傳統經典名句與工業發展的極致產品混搭，具濃厚的後現代精神。餐廳建築外觀採東方灰瓦白牆風，內部空間則洋溢著地中海度假氛圍，刷白牆面、洗石子地板配上靛藍天花板、座椅與歐風窗櫺，中央吧台則以天然石塊妝點，營造出自然優美的用餐環境。餐廳2015年開業，由一群志同道合的朋友共同經營，推廣健康蔬食，店內一角掛著古今各國吃素名人的相片，還自栽無毒、有機的各種時令蔬菜，用在餐飲上，實踐「產地到餐桌」的理想。用餐採半自助式，有焗烤、火鍋、義大利麵、砂鍋煲、石鍋拌飯、烏龍麵、披薩等選擇，不少特殊食材、調味料都從海外帶回台灣，交廚房師傅或義工烹煮。招牌三杯猴菇豆腐煲選用產自中國的乾燥猴頭菇，以清水浸泡數天後，加入杏鮑菇、香菇、油豆腐、薑片、九層塔、辣椒等熱炒，口感厚實的猴頭菇吸入鹹甜濃香的醬汁，非常下飯，另外，搭配蕃茄、味噌、起司、肉骨茶等特色湯底的各式火鍋也值得一試，附上白飯、自製沙茶醬及時蔬、菇類、豆腐、蒟蒻、南瓜等食材組成的豐富配料盤，也是絕佳選擇。"
"天香海鮮店","","(03)5387537","香山區","10018030","延平路二段1584號","推薦菜色：墨魚香腸、烤二層肉、炸軟絲，這間店簡單得只剩下美味。天香海鮮店老闆陳清文有如鄉間隱士，在市郊開店，不汲於富貴，開店做菜信手拈來寫意自如；客人進門後沒多餘招呼，轉身走進廚房，一晃眼，桌上就是六菜一湯。一般海鮮店有的這裡都有，海鮮店沒有的這裡也有：墨魚香腸、田雞肚、二層肉，許多人是初次遇見。天香海鮮店民國67年由陳清文的母親創立，一開始只是小小麵攤，生意越做越好，規模逐漸擴大。讀電子科的陳清文壓根兒沒想過自己會走這一行，「小時候看到客人就躲」。正所謂無心插柳柳成蔭，退伍後接下棒子，一做20多年，「比媽媽經營得還久」，餐桌也從12桌增加到24桌。墨魚香腸可謂「海鮮版」香腸，由墨魚、花枝漿、花枝肉組成，鮮而不膩；田雞肚則是田雞呼吸的氣囊，外型小巧，嚼勁脆口；最特別莫過於二層肉，取豬小排最上面部位，也就是俗稱三層肉中間那一層，每隻豬身上僅能取出幾百公克，數量極少，外觀像松阪豬，口感卻大不同，松阪豬肉軟，二層肉較脆，烤二層肉是人氣招牌菜，口感特殊，當有人稱讚這道菜特別，陳清文一臉淡定說，「我小時候媽媽就做過了」。說到料理海鮮的秘訣，陳清文直言全無技巧，只有「新鮮」二字訣。每天早上6、7點到新竹魚市場採購，那裡魚貨多元，有新竹當地，也有基隆、甚至空運來的。新鮮二字訣也貫徹到餐廳經營，「我們沒有菜單，今天什麼新鮮就出那幾樣，我不喜歡被菜單綁住。」秉持原味，不亂加多餘調味，陳清文的料理如人，簡單直率。咬一口海鮮，大自然的原味綻開齒間，在情感通膨的現代更顯美味。"
"蚵舉壯元","https://www.facebook.com/StrongOysters","0983000960","香山區","10018030","中華路五段322號","推薦菜色：招牌烤蚵、私房牛肋條、豆豉鮮蚵飯，看似荒涼的台一線省道上，隱藏一處新竹人即使花上大半小時車程也要一嘗的燒烤店：蚵舉壯元，簡單無華的店舖，卻有令人食後發出讚嘆聲的厚實力！店裡招牌烤鮮蚵，來自鄰近自家養蚵場，產地直達餐桌，鮮味全不流失。在新竹香山區美山里的外海，濕地形成了養蚵最佳的天然屏障，香山蚵業全盛時期，台灣北部的蚵仔八成以上來自此地。老闆張小華家族經營鮮蚵批發業已50年，張小華是第三代，夫婦承接事業，長久以來，總有客戶詢問是否能代烤蚵仔？2012年，第四代張皓恩大學畢業了，決定協助家業，在自家蚵田旁設攤，賣起烤鮮蚵，還逐步增加海鮮、肉類與湯品、麵點等燒烤料理，成為省道台一線上最馳名的公路美食。香山蚵仔多「懸掛式」養殖，在蚵殼打洞，用釣魚線串起，懸吊在兩根竹竿之間，放養海中，潮汐影響蚵仔進食時間與數量，約兩年才能採收，比南台灣要多兩倍時間，不過，因蚵場在潮間帶，蚵仔能享受充分日照，還可吃到漲退潮水帶來的新鮮微生物，「天天吃美食」，肉質也較南台灣的紮實彈牙、口感細密，被譽為蚵界的楊貴妃與健美先生。4∼11月是香山蚵產期，採鮮蚵得配合潮汐，蚵農趁退潮採收，經常一下海就是5、6個小時，且蚵場多是軟爛泥，採蚵時大腿深陷泥沼中，得花好幾倍吃奶力氣才能前進。長衫、長褲、手套，都是採蚵基本配備，防曬之外，也避免手腳被鮮蚵銳利邊殼割傷。蚵農看天吃飯，工時長又辛苦，願意投入的年輕人越來越少；所幸，年輕的張皓恩不畏苦，願意在家幫忙，父子聯手，希望帶進年輕人新的創意。目前，他的父母和弟弟負責鮮蚵採收、批發，皓恩負責廚房燒烤，也引入國內外鮮蚵與生蠔供大眾品味，不僅傳承家族養蚵事業，也期望為香山蚵業發展，留下燦爛的一頁。"